Year,18,19,20,21,22,23,24,25,26,27,28,29,30,31,32,33,34,35,36,37,38,39,40,41,42,43,44
1920,0.04373337505867626,0.04373337505867626,0.054169926459083084,0.054169926459083084,0.054169926459083084,0.054169926459083084,0.054169926459083084,0.051322171804099516,0.051322171804099516,0.051322171804099516,0.051322171804099516,0.051322171804099516,0.0388671569394461,0.0388671569394461,0.0388671569394461,0.0388671569394461,0.0388671569394461,0.026224378031606942,0.026224378031606942,0.026224378031606942,0.026224378031606942,0.026224378031606942,0.01192301674229385,0.01192301674229385,0.01192301674229385,0.01192301674229385,0.01192301674229385
1921,0.04482650337572618,0.04482650337572618,0.05253571989323286,0.05253571989323286,0.05253571989323286,0.05253571989323286,0.05253571989323286,0.051970482022295504,0.051970482022295504,0.051970482022295504,0.051970482022295504,0.051970482022295504,0.039503846757732775,0.039503846757732775,0.039503846757732775,0.039503846757732775,0.039503846757732775,0.02662898414193752,0.02662898414193752,0.02662898414193752,0.02662898414193752,0.02662898414193752,0.011430365834510913,0.011430365834510913,0.011430365834510913,0.011430365834510913,0.011430365834510913
1922,0.044094760504928235,0.044094760504928235,0.051737852325782464,0.051737852325782464,0.051737852325782464,0.051737852325782464,0.051737852325782464,0.05156493169635137,0.05156493169635137,0.05156493169635137,0.05156493169635137,0.05156493169635137,0.04056717966453398,0.04056717966453398,0.04056717966453398,0.04056717966453398,0.04056717966453398,0.02666436105827425,0.02666436105827425,0.02666436105827425,0.02666436105827425,0.02666436105827425,0.011827771053086633,0.011827771053086633,0.011827771053086633,0.011827771053086633,0.011827771053086633
1923,0.045682644056065064,0.045682644056065064,0.052811905173905514,0.052811905173905514,0.052811905173905514,0.052811905173905514,0.052811905173905514,0.05104689392628483,0.05104689392628483,0.05104689392628483,0.05104689392628483,0.05104689392628483,0.040318394185845305,0.040318394185845305,0.040318394185845305,0.040318394185845305,0.040318394185845305,0.02609448001384323,0.02609448001384323,0.02609448001384323,0.02609448001384323,0.02609448001384323,0.011455269077695104,0.011455269077695104,0.011455269077695104,0.011455269077695104,0.011455269077695104
1924,0.04875571356018283,0.04875571356018283,0.05417301506686981,0.05417301506686981,0.05417301506686981,0.05417301506686981,0.05417301506686981,0.049466734382935494,0.049466734382935494,0.049466734382935494,0.049466734382935494,0.049466734382935494,0.03971559167089893,0.03971559167089893,0.03971559167089893,0.03971559167089893,0.03971559167089893,0.025969189097680718,0.025969189097680718,0.025969189097680718,0.025969189097680718,0.025969189097680718,0.011173184357541898,0.011173184357541898,0.011173184357541898,0.011173184357541898,0.011173184357541898
1925,0.04970709855272226,0.04970709855272226,0.053721571330117165,0.053721571330117165,0.053721571330117165,0.053721571330117165,0.053721571330117165,0.050103376981392146,0.050103376981392146,0.050103376981392146,0.050103376981392146,0.050103376981392146,0.03969676085458305,0.03969676085458305,0.03969676085458305,0.03969676085458305,0.03969676085458305,0.025465196416264647,0.025465196416264647,0.025465196416264647,0.025465196416264647,0.025465196416264647,0.011130254996554099,0.011130254996554099,0.011130254996554099,0.011130254996554099,0.011130254996554099
1926,0.05107862364057764,0.05107862364057764,0.05466215011588519,0.05466215011588519,0.05466215011588519,0.05466215011588519,0.05466215011588519,0.05009805669459797,0.05009805669459797,0.05009805669459797,0.05009805669459797,0.05009805669459797,0.0391157068996256,0.0391157068996256,0.0391157068996256,0.0391157068996256,0.0391157068996256,0.024995542877518272,0.024995542877518272,0.024995542877518272,0.024995542877518272,0.024995542877518272,0.010697093956141915,0.010697093956141915,0.010697093956141915,0.010697093956141915,0.010697093956141915
1927,0.0508765588288451,0.0508765588288451,0.05541297668534249,0.05541297668534249,0.05541297668534249,0.05541297668534249,0.05541297668534249,0.049448761973612865,0.049448761973612865,0.049448761973612865,0.049448761973612865,0.049448761973612865,0.0393638170974155,0.0393638170974155,0.0393638170974155,0.0393638170974155,0.0393638170974155,0.024615940719320436,0.024615940719320436,0.024615940719320436,0.024615940719320436,0.024615940719320436,0.010807879992770646,0.010807879992770646,0.010807879992770646,0.010807879992770646,0.010807879992770646
1928,0.05236100533130237,0.05236100533130237,0.05601675552170602,0.05601675552170602,0.05601675552170602,0.05601675552170602,0.05601675552170602,0.04961919268849963,0.04961919268849963,0.04961919268849963,0.04961919268849963,0.04961919268849963,0.03865194211728866,0.03865194211728866,0.03865194211728866,0.03865194211728866,0.03865194211728866,0.02425742574257426,0.02425742574257426,0.02425742574257426,0.02425742574257426,0.02425742574257426,0.010510281797410512,0.010510281797410512,0.010510281797410512,0.010510281797410512,0.010510281797410512
1929,0.0540096618357488,0.0540096618357488,0.05855072463768116,0.05855072463768116,0.05855072463768116,0.05855072463768116,0.05855072463768116,0.05047342995169082,0.05047342995169082,0.05047342995169082,0.05047342995169082,0.05047342995169082,0.03617391304347826,0.03617391304347826,0.03617391304347826,0.03617391304347826,0.03617391304347826,0.023033816425120774,0.023033816425120774,0.023033816425120774,0.023033816425120774,0.023033816425120774,0.010164251207729468,0.010164251207729468,0.010164251207729468,0.010164251207729468,0.010164251207729468
1930,0.05452937708783651,0.05452937708783651,0.05718215759481234,0.05718215759481234,0.05718215759481234,0.05718215759481234,0.05718215759481234,0.051169188445667126,0.051169188445667126,0.051169188445667126,0.051169188445667126,0.051169188445667126,0.03647081941442327,0.03647081941442327,0.03647081941442327,0.03647081941442327,0.03647081941442327,0.02314796620161132,0.02314796620161132,0.02314796620161132,0.02314796620161132,0.02314796620161132,0.010218117508351346,0.010218117508351346,0.010218117508351346,0.010218117508351346,0.010218117508351346
1931,0.052259887005649715,0.052259887005649715,0.056671012603215984,0.056671012603215984,0.056671012603215984,0.056671012603215984,0.056671012603215984,0.05141242937853106,0.05141242937853106,0.05141242937853106,0.05141242937853106,0.05141242937853106,0.03707083876575402,0.03707083876575402,0.03707083876575402,0.03707083876575402,0.03707083876575402,0.023598435462842238,0.023598435462842238,0.023598435462842238,0.023598435462842238,0.023598435462842238,0.010343328987396783,0.010343328987396783,0.010343328987396783,0.010343328987396783,0.010343328987396783
1932,0.050884955752212385,0.050884955752212385,0.05659059152305542,0.05659059152305542,0.05659059152305542,0.05659059152305542,0.05659059152305542,0.05170004657661853,0.05170004657661853,0.05170004657661853,0.05170004657661853,0.05170004657661853,0.03698183511877038,0.03698183511877038,0.03698183511877038,0.03698183511877038,0.03698183511877038,0.02366092221704704,0.02366092221704704,0.02366092221704704,0.02366092221704704,0.02366092221704704,0.010712622263623659,0.010712622263623659,0.010712622263623659,0.010712622263623659,0.010712622263623659
1933,0.04971343134811863,0.04971343134811863,0.055619237478195874,0.055619237478195874,0.055619237478195874,0.055619237478195874,0.055619237478195874,0.052429603787690016,0.052429603787690016,0.052429603787690016,0.052429603787690016,0.052429603787690016,0.037378519810615504,0.037378519810615504,0.037378519810615504,0.037378519810615504,0.037378519810615504,0.023772738599551462,0.023772738599551462,0.023772738599551462,0.023772738599551462,0.023772738599551462,0.010914527784699726,0.010914527784699726,0.010914527784699726,0.010914527784699726,0.010914527784699726
1934,0.05012165450121654,0.05012165450121654,0.05722627737226277,0.05722627737226277,0.05722627737226277,0.05722627737226277,0.05722627737226277,0.05274939172749391,0.05274939172749391,0.05274939172749391,0.05274939172749391,0.05274939172749391,0.0378588807785888,0.0378588807785888,0.0378588807785888,0.0378588807785888,0.0378588807785888,0.022043795620437952,0.022043795620437952,0.022043795620437952,0.022043795620437952,0.022043795620437952,0.010072992700729925,0.010072992700729925,0.010072992700729925,0.010072992700729925,0.010072992700729925
1935,0.05211533916331836,0.05211533916331836,0.059654927913022925,0.059654927913022925,0.059654927913022925,0.059654927913022925,0.059654927913022925,0.05171354289766013,0.05171354289766013,0.05171354289766013,0.05171354289766013,0.05171354289766013,0.03658709524935004,0.03658709524935004,0.03658709524935004,0.03658709524935004,0.03658709524935004,0.02150791774994091,0.02150791774994091,0.02150791774994091,0.02150791774994091,0.02150791774994091,0.009690380524698653,0.009690380524698653,0.009690380524698653,0.009690380524698653,0.009690380524698653
1936,0.05123047799337434,0.05123047799337434,0.061287269285376235,0.061287269285376235,0.061287269285376235,0.061287269285376235,0.061287269285376235,0.05272124940842403,0.05272124940842403,0.05272124940842403,0.05272124940842403,0.05272124940842403,0.03573118788452437,0.03573118788452437,0.03573118788452437,0.03573118788452437,0.03573118788452437,0.020728821580690955,0.020728821580690955,0.020728821580690955,0.020728821580690955,0.020728821580690955,0.009039280643634642,0.009039280643634642,0.009039280643634642,0.009039280643634642,0.009039280643634642
1937,0.05335648148148149,0.05335648148148149,0.06314814814814816,0.06314814814814816,0.06314814814814816,0.06314814814814816,0.06314814814814816,0.05273148148148149,0.05273148148148149,0.05273148148148149,0.05273148148148149,0.05273148148148149,0.0351388888888889,0.0351388888888889,0.0351388888888889,0.0351388888888889,0.0351388888888889,0.019583333333333335,0.019583333333333335,0.019583333333333335,0.019583333333333335,0.019583333333333335,0.008055555555555557,0.008055555555555557,0.008055555555555557,0.008055555555555557,0.008055555555555557
1938,0.052672261484098946,0.052672261484098946,0.0635600706713781,0.0635600706713781,0.0635600706713781,0.0635600706713781,0.0635600706713781,0.05340106007067139,0.05340106007067139,0.05340106007067139,0.05340106007067139,0.05340106007067139,0.03467314487632509,0.03467314487632509,0.03467314487632509,0.03467314487632509,0.03467314487632509,0.0196113074204947,0.0196113074204947,0.0196113074204947,0.0196113074204947,0.0196113074204947,0.007685512367491168,0.007685512367491168,0.007685512367491168,0.007685512367491168,0.007685512367491168
1939,0.05076782030712812,0.05076782030712812,0.06215906486362595,0.06215906486362595,0.06215906486362595,0.06215906486362595,0.06215906486362595,0.05482466192986477,0.05482466192986477,0.05482466192986477,0.05482466192986477,0.05482466192986477,0.03630529452211781,0.03630529452211781,0.03630529452211781,0.03630529452211781,0.03630529452211781,0.0193903277561311,0.0193903277561311,0.0193903277561311,0.0193903277561311,0.0193903277561311,0.0070135228054091225,0.0070135228054091225,0.0070135228054091225,0.0070135228054091225,0.0070135228054091225
1940,0.049680546375853715,0.049680546375853715,0.06292134831460675,0.06292134831460675,0.06292134831460675,0.06292134831460675,0.06292134831460675,0.05587133729896453,0.05587133729896453,0.05587133729896453,0.05587133729896453,0.05587133729896453,0.03591099361092752,0.03591099361092752,0.03591099361092752,0.03591099361092752,0.03591099361092752,0.018858779466842918,0.018858779466842918,0.018858779466842918,0.018858779466842918,0.018858779466842918,0.0065653227583168106,0.0065653227583168106,0.0065653227583168106,0.0065653227583168106,0.0065653227583168106
1941,0.05013493875856341,0.05013493875856341,0.06551795723479344,0.06551795723479344,0.06551795723479344,0.06551795723479344,0.06551795723479344,0.056923396304753994,0.056923396304753994,0.056923396304753994,0.056923396304753994,0.056923396304753994,0.0338800083039236,0.0338800083039236,0.0338800083039236,0.0338800083039236,0.0338800083039236,0.017645837658293542,0.017645837658293542,0.017645837658293542,0.017645837658293542,0.017645837658293542,0.0059788249948100475,0.0059788249948100475,0.0059788249948100475,0.0059788249948100475,0.0059788249948100475
1942,0.050192342919948695,0.050192342919948695,0.06836416926176954,0.06836416926176954,0.06836416926176954,0.06836416926176954,0.06836416926176954,0.056896867558160834,0.056896867558160834,0.056896867558160834,0.056896867558160834,0.056896867558160834,0.03293643524455028,0.03293643524455028,0.03293643524455028,0.03293643524455028,0.03293643524455028,0.0163766257556329,0.0163766257556329,0.0163766257556329,0.0163766257556329,0.0163766257556329,0.005348965011906941,0.005348965011906941,0.005348965011906941,0.005348965011906941,0.005348965011906941
1943,0.047449259462424564,0.047449259462424564,0.06403364417626621,0.06403364417626621,0.06403364417626621,0.06403364417626621,0.06403364417626621,0.05814591332967635,0.05814591332967635,0.05814591332967635,0.05814591332967635,0.05814591332967635,0.035509233863594794,0.035509233863594794,0.035509233863594794,0.035509233863594794,0.035509233863594794,0.01777290181020296,0.01777290181020296,0.01777290181020296,0.01777290181020296,0.01777290181020296,0.005558603035289814,0.005558603035289814,0.005558603035289814,0.005558603035289814,0.005558603035289814
1944,0.04507614213197969,0.04507614213197969,0.06111675126903553,0.06111675126903553,0.06111675126903553,0.06111675126903553,0.06111675126903553,0.056243654822335024,0.056243654822335024,0.056243654822335024,0.056243654822335024,0.056243654822335024,0.03784771573604061,0.03784771573604061,0.03784771573604061,0.03784771573604061,0.03784771573604061,0.02054822335025381,0.02054822335025381,0.02054822335025381,0.02054822335025381,0.02054822335025381,0.006213197969543147,0.006213197969543147,0.006213197969543147,0.006213197969543147,0.006213197969543147
1945,0.04305468258956631,0.04305468258956631,0.056777707940498634,0.056777707940498634,0.056777707940498634,0.056777707940498634,0.056777707940498634,0.05589775822333962,0.05589775822333962,0.05589775822333962,0.05589775822333962,0.05589775822333962,0.04127383197150639,0.04127383197150639,0.04127383197150639,0.04127383197150639,0.04127383197150639,0.021831133459040437,0.021831133459040437,0.021831133459040437,0.021831133459040437,0.021831133459040437,0.006997695369788393,0.006997695369788393,0.006997695369788393,0.006997695369788393,0.006997695369788393
1946,0.04197616168595612,0.04197616168595612,0.06512351010537226,0.06512351010537226,0.06512351010537226,0.06512351010537226,0.06512351010537226,0.057108308861634136,0.057108308861634136,0.057108308861634136,0.057108308861634136,0.057108308861634136,0.036690274658835724,0.036690274658835724,0.036690274658835724,0.036690274658835724,0.036690274658835724,0.018586975297978925,0.018586975297978925,0.018586975297978925,0.018586975297978925,0.018586975297978925,0.0057004664017965105,0.0057004664017965105,0.0057004664017965105,0.0057004664017965105,0.0057004664017965105
1947,0.053106060606060615,0.053106060606060615,0.06887878787878789,0.06887878787878789,0.06887878787878789,0.06887878787878789,0.06887878787878789,0.05581818181818181,0.05581818181818181,0.05581818181818181,0.05581818181818181,0.05581818181818181,0.03284848484848485,0.03284848484848485,0.03284848484848485,0.03284848484848485,0.03284848484848485,0.016242424242424242,0.016242424242424242,0.016242424242424242,0.016242424242424242,0.016242424242424242,0.004969696969696969,0.004969696969696969,0.004969696969696969,0.004969696969696969,0.004969696969696969
1948,0.058785942492012785,0.058785942492012785,0.06884984025559106,0.06884984025559106,0.06884984025559106,0.06884984025559106,0.06884984025559106,0.054313099041533544,0.054313099041533544,0.054313099041533544,0.054313099041533544,0.054313099041533544,0.03255591054313099,0.03255591054313099,0.03255591054313099,0.03255591054313099,0.03255591054313099,0.015910543130990416,0.015910543130990416,0.015910543130990416,0.015910543130990416,0.015910543130990416,0.0048562300319488815,0.0048562300319488815,0.0048562300319488815,0.0048562300319488815,0.0048562300319488815
1949,0.05982157081408315,0.05982157081408315,0.068185438903935,0.068185438903935,0.068185438903935,0.068185438903935,0.068185438903935,0.05461207583240402,0.05461207583240402,0.05461207583240402,0.05461207583240402,0.05461207583240402,0.032658913493707184,0.032658913493707184,0.032658913493707184,0.032658913493707184,0.032658913493707184,0.015803727895491476,0.015803727895491476,0.015803727895491476,0.015803727895491476,0.015803727895491476,0.0048112155488290575,0.0048112155488290575,0.0048112155488290575,0.0048112155488290575,0.0048112155488290575
1950,0.05905016512030193,0.05905016512030193,0.06667715049536091,0.06667715049536091,0.06667715049536091,0.06667715049536091,0.06667715049536091,0.05519735807516905,0.05519735807516905,0.05519735807516905,0.05519735807516905,0.05519735807516905,0.03349583267809404,0.03349583267809404,0.03349583267809404,0.03349583267809404,0.03349583267809404,0.016449127221261205,0.016449127221261205,0.016449127221261205,0.016449127221261205,0.016449127221261205,0.004560465481994024,0.004560465481994024,0.004560465481994024,0.004560465481994024,0.004560465481994024
1951,0.0581225325339962,0.0581225325339962,0.06696885509577424,0.06696885509577424,0.06696885509577424,0.06696885509577424,0.06696885509577424,0.05620704781400789,0.05620704781400789,0.05620704781400789,0.05620704781400789,0.05620704781400789,0.03345518350636058,0.03345518350636058,0.03345518350636058,0.03345518350636058,0.03345518350636058,0.015762538382804503,0.015762538382804503,0.015762538382804503,0.015762538382804503,0.015762538382804503,0.0043573621874543065,0.0043573621874543065,0.0043573621874543065,0.0043573621874543065,0.0043573621874543065
1952,0.05264655663062037,0.05264655663062037,0.06630620375640295,0.06630620375640295,0.06630620375640295,0.06630620375640295,0.06630620375640295,0.057626636311895275,0.057626636311895275,0.057626636311895275,0.057626636311895275,0.057626636311895275,0.034632896983494595,0.034632896983494595,0.034632896983494595,0.034632896983494595,0.034632896983494595,0.015964712578258395,0.015964712578258395,0.015964712578258395,0.015964712578258395,0.015964712578258395,0.004410927717700626,0.004410927717700626,0.004410927717700626,0.004410927717700626,0.004410927717700626
1953,0.05383224370566142,0.05383224370566142,0.065238558909445,0.065238558909445,0.065238558909445,0.065238558909445,0.065238558909445,0.05758798163861455,0.05758798163861455,0.05758798163861455,0.05758798163861455,0.05758798163861455,0.03491445263597163,0.03491445263597163,0.03491445263597163,0.03491445263597163,0.03491445263597163,0.016330504938099878,0.016330504938099878,0.016330504938099878,0.016330504938099878,0.016330504938099878,0.004395604395604396,0.004395604395604396,0.004395604395604396,0.004395604395604396,0.004395604395604396
1954,0.055224867724867725,0.055224867724867725,0.06529100529100529,0.06529100529100529,0.06529100529100529,0.06529100529100529,0.06529100529100529,0.056640211640211637,0.056640211640211637,0.056640211640211637,0.056640211640211637,0.056640211640211637,0.03521164021164021,0.03521164021164021,0.03521164021164021,0.03521164021164021,0.03521164021164021,0.01634920634920635,0.01634920634920635,0.01634920634920635,0.01634920634920635,0.01634920634920635,0.004417989417989418,0.004417989417989418,0.004417989417989418,0.004417989417989418,0.004417989417989418
1955,0.054829104091144484,0.054829104091144484,0.0655100983946142,0.0655100983946142,0.0655100983946142,0.0655100983946142,0.0655100983946142,0.056602796478508556,0.056602796478508556,0.056602796478508556,0.056602796478508556,0.056602796478508556,0.0350595546349042,0.0350595546349042,0.0350595546349042,0.0350595546349042,0.0350595546349042,0.016416364577938894,0.016416364577938894,0.016416364577938894,0.016416364577938894,0.016416364577938894,0.004479544277576386,0.004479544277576386,0.004479544277576386,0.004479544277576386,0.004479544277576386
1956,0.054177465136369236,0.054177465136369236,0.06723435764531653,0.06723435764531653,0.06723435764531653,0.06723435764531653,0.06723435764531653,0.05649759348389485,0.05649759348389485,0.05649759348389485,0.05649759348389485,0.05649759348389485,0.034061458718992965,0.034061458718992965,0.034061458718992965,0.034061458718992965,0.034061458718992965,0.016043440700974944,0.016043440700974944,0.016043440700974944,0.016043440700974944,0.016043440700974944,0.004492163396272985,0.004492163396272985,0.004492163396272985,0.004492163396272985,0.004492163396272985
1957,0.05439024390243902,0.05439024390243902,0.06758536585365854,0.06758536585365854,0.06758536585365854,0.06758536585365854,0.06758536585365854,0.05653658536585367,0.05653658536585367,0.05653658536585367,0.05653658536585367,0.05653658536585367,0.03356097560975609,0.03356097560975609,0.03356097560975609,0.03356097560975609,0.03356097560975609,0.016195121951219513,0.016195121951219513,0.016195121951219513,0.016195121951219513,0.016195121951219513,0.004365853658536585,0.004365853658536585,0.004365853658536585,0.004365853658536585,0.004365853658536585
1958,0.05285624607658506,0.05285624607658506,0.06865034526051475,0.06865034526051475,0.06865034526051475,0.06865034526051475,0.06865034526051475,0.055618330194601384,0.055618330194601384,0.055618330194601384,0.055618330194601384,0.055618330194601384,0.03372253609541746,0.03372253609541746,0.03372253609541746,0.03372253609541746,0.03372253609541746,0.016321406151914627,0.016321406151914627,0.016321406151914627,0.016321406151914627,0.016321406151914627,0.004544883866917766,0.004544883866917766,0.004544883866917766,0.004544883866917766,0.004544883866917766
1959,0.05012177925906934,0.05012177925906934,0.07006794000769132,0.07006794000769132,0.07006794000769132,0.07006794000769132,0.07006794000769132,0.05573644404563517,0.05573644404563517,0.05573644404563517,0.05573644404563517,0.05573644404563517,0.03297013203435457,0.03297013203435457,0.03297013203435457,0.03297013203435457,0.03297013203435457,0.016510703755928727,0.016510703755928727,0.016510703755928727,0.016510703755928727,0.016510703755928727,0.004666068452762466,0.004666068452762466,0.004666068452762466,0.004666068452762466,0.004666068452762466
1960,0.05204800417427602,0.05204800417427602,0.07124967388468563,0.07124967388468563,0.07124967388468563,0.07124967388468563,0.07124967388468563,0.05557004956952778,0.05557004956952778,0.05557004956952778,0.05557004956952778,0.05557004956952778,0.03177667623271589,0.03177667623271589,0.03177667623271589,0.03177667623271589,0.03177667623271589,0.01601878424210801,0.01601878424210801,0.01601878424210801,0.01601878424210801,0.01601878424210801,0.004565614401252282,0.004565614401252282,0.004565614401252282,0.004565614401252282,0.004565614401252282
1961,0.05385984122638926,0.05385984122638926,0.06898439638653162,0.06898439638653162,0.06898439638653162,0.06898439638653162,0.06898439638653162,0.054941144264987675,0.054941144264987675,0.054941144264987675,0.054941144264987675,0.054941144264987675,0.03290446208595675,0.03290446208595675,0.03290446208595675,0.03290446208595675,0.03290446208595675,0.016780728168628523,0.016780728168628523,0.016780728168628523,0.016780728168628523,0.016780728168628523,0.004845332603339721,0.004845332603339721,0.004845332603339721,0.004845332603339721,0.004845332603339721
1962,0.05294379356369569,0.05294379356369569,0.0686637994957734,0.0686637994957734,0.0686637994957734,0.0686637994957734,0.0686637994957734,0.05454545454545455,0.05454545454545455,0.05454545454545455,0.05454545454545455,0.05454545454545455,0.033041672845914284,0.033041672845914284,0.033041672845914284,0.033041672845914284,0.033041672845914284,0.017469968856592022,0.017469968856592022,0.017469968856592022,0.017469968856592022,0.017469968856592022,0.005101586830787484,0.005101586830787484,0.005101586830787484,0.005101586830787484,0.005101586830787484
1963,0.050551327845938805,0.050551327845938805,0.0691101102655692,0.0691101102655692,0.0691101102655692,0.0691101102655692,0.0691101102655692,0.05463581301444324,0.05463581301444324,0.05463581301444324,0.05463581301444324,0.05463581301444324,0.033234974374902936,0.033234974374902936,0.033234974374902936,0.033234974374902936,0.033234974374902936,0.01736294455660817,0.01736294455660817,0.01736294455660817,0.01736294455660817,0.01736294455660817,0.005435626650100948,0.005435626650100948,0.005435626650100948,0.005435626650100948,0.005435626650100948
1964,0.05276872964169381,0.05276872964169381,0.06843648208469055,0.06843648208469055,0.06843648208469055,0.06843648208469055,0.06843648208469055,0.05439739413680782,0.05439739413680782,0.05439739413680782,0.05439739413680782,0.05439739413680782,0.03289902280130293,0.03289902280130293,0.03289902280130293,0.03289902280130293,0.03289902280130293,0.01771986970684039,0.01771986970684039,0.01771986970684039,0.01771986970684039,0.01771986970684039,0.005439739413680781,0.005439739413680781,0.005439739413680781,0.005439739413680781,0.005439739413680781
1965,0.059943582510578276,0.059943582510578276,0.06770098730606487,0.06770098730606487,0.06770098730606487,0.06770098730606487,0.06770098730606487,0.05253878702397743,0.05253878702397743,0.05253878702397743,0.05253878702397743,0.05253878702397743,0.03215796897038082,0.03215796897038082,0.03215796897038082,0.03215796897038082,0.03215796897038082,0.01815937940761636,0.01815937940761636,0.01815937940761636,0.01815937940761636,0.01815937940761636,0.005465444287729196,0.005465444287729196,0.005465444287729196,0.005465444287729196,0.005465444287729196
1966,0.06957396233315051,0.06957396233315051,0.06871457304808924,0.06871457304808924,0.06871457304808924,0.06871457304808924,0.06871457304808924,0.051453647833241925,0.051453647833241925,0.051453647833241925,0.051453647833241925,0.051453647833241925,0.03002377034192723,0.03002377034192723,0.03002377034192723,0.03002377034192723,0.03002377034192723,0.016748948619491683,0.016748948619491683,0.016748948619491683,0.016748948619491683,0.016748948619491683,0.005229475223989762,0.005229475223989762,0.005229475223989762,0.005229475223989762,0.005229475223989762
1967,0.06646957848559984,0.06646957848559984,0.06973106999809268,0.06973106999809268,0.06973106999809268,0.06973106999809268,0.06973106999809268,0.053709708182338355,0.053709708182338355,0.053709708182338355,0.053709708182338355,0.053709708182338355,0.0296013732595842,0.0296013732595842,0.0296013732595842,0.0296013732595842,0.0296013732595842,0.01571619301926378,0.01571619301926378,0.01571619301926378,0.01571619301926378,0.01571619301926378,0.004653824146481021,0.004653824146481021,0.004653824146481021,0.004653824146481021,0.004653824146481021
1968,0.06514788169464429,0.06514788169464429,0.06854516386890488,0.06854516386890488,0.06854516386890488,0.06854516386890488,0.06854516386890488,0.057234212629896086,0.057234212629896086,0.057234212629896086,0.057234212629896086,0.057234212629896086,0.029336530775379697,0.029336530775379697,0.029336530775379697,0.029336530775379697,0.029336530775379697,0.014508393285371702,0.014508393285371702,0.014508393285371702,0.014508393285371702,0.014508393285371702,0.004316546762589928,0.004316546762589928,0.004316546762589928,0.004316546762589928,0.004316546762589928
1969,0.06579464988198269,0.06579464988198269,0.06852871754523995,0.06852871754523995,0.06852871754523995,0.06852871754523995,0.06852871754523995,0.05932336742722266,0.05932336742722266,0.05932336742722266,0.05932336742722266,0.05932336742722266,0.029032258064516127,0.029032258064516127,0.029032258064516127,0.029032258064516127,0.029032258064516127,0.013021243115656963,0.013021243115656963,0.013021243115656963,0.013021243115656963,0.013021243115656963,0.003776553894571203,0.003776553894571203,0.003776553894571203,0.003776553894571203,0.003776553894571203
1970,0.0670023237800155,0.0670023237800155,0.06816421378776143,0.06816421378776143,0.06816421378776143,0.06816421378776143,0.06816421378776143,0.059643687064291254,0.059643687064291254,0.059643687064291254,0.059643687064291254,0.059643687064291254,0.02947327652982184,0.02947327652982184,0.02947327652982184,0.02947327652982184,0.02947327652982184,0.01254841208365608,0.01254841208365608,0.01254841208365608,0.01254841208365608,0.01254841208365608,0.0033694810224632076,0.0033694810224632076,0.0033694810224632076,0.0033694810224632076,0.0033694810224632076
1971,0.06838873597289857,0.06838873597289857,0.06661020537793776,0.06661020537793776,0.06661020537793776,0.06661020537793776,0.06661020537793776,0.060300656362481476,0.060300656362481476,0.060300656362481476,0.060300656362481476,0.060300656362481476,0.030150328181240738,0.030150328181240738,0.030150328181240738,0.030150328181240738,0.030150328181240738,0.012280330298539064,0.012280330298539064,0.012280330298539064,0.012280330298539064,0.012280330298539064,0.0033029853906415413,0.0033029853906415413,0.0033029853906415413,0.0033029853906415413,0.0033029853906415413
1972,0.07566980448950036,0.07566980448950036,0.0663287472845764,0.0663287472845764,0.0663287472845764,0.0663287472845764,0.0663287472845764,0.05923244026068066,0.05923244026068066,0.05923244026068066,0.05923244026068066,0.05923244026068066,0.02935071204441226,0.02935071204441226,0.02935071204441226,0.02935071204441226,0.02935071204441226,0.011682355780835143,0.011682355780835143,0.011682355780835143,0.011682355780835143,0.011682355780835143,0.00313782283369539,0.00313782283369539,0.00313782283369539,0.00313782283369539,0.00313782283369539
1973,0.07865602471678683,0.07865602471678683,0.06591143151390319,0.06591143151390319,0.06591143151390319,0.06591143151390319,0.06591143151390319,0.06040164778578785,0.06040164778578785,0.06040164778578785,0.06040164778578785,0.06040164778578785,0.028424304840370757,0.028424304840370757,0.028424304840370757,0.028424304840370757,0.028424304840370757,0.011071060762100928,0.011071060762100928,0.011071060762100928,0.011071060762100928,0.011071060762100928,0.002729145211122554,0.002729145211122554,0.002729145211122554,0.002729145211122554,0.002729145211122554
1974,0.07681830563879052,0.07681830563879052,0.06663034595478072,0.06663034595478072,0.06663034595478072,0.06663034595478072,0.06663034595478072,0.06194497412149279,0.06194497412149279,0.06194497412149279,0.06194497412149279,0.06194497412149279,0.028548079542359033,0.028548079542359033,0.028548079542359033,0.028548079542359033,0.028548079542359033,0.009643149005720513,0.009643149005720513,0.009643149005720513,0.009643149005720513,0.009643149005720513,0.002506129120130755,0.002506129120130755,0.002506129120130755,0.002506129120130755,0.002506129120130755
1975,0.07558471192241871,0.07558471192241871,0.06662863662293211,0.06662863662293211,0.06662863662293211,0.06662863662293211,0.06662863662293211,0.062350256702795204,0.062350256702795204,0.062350256702795204,0.062350256702795204,0.062350256702795204,0.02829435253850542,0.02829435253850542,0.02829435253850542,0.02829435253850542,0.02829435253850542,0.00998288648031945,0.00998288648031945,0.00998288648031945,0.00998288648031945,0.00998288648031945,0.0025099828864803197,0.0025099828864803197,0.0025099828864803197,0.0025099828864803197,0.0025099828864803197
1976,0.07268133174791913,0.07268133174791913,0.06599286563614744,0.06599286563614744,0.06599286563614744,0.06599286563614744,0.06599286563614744,0.06391200951248513,0.06391200951248513,0.06391200951248513,0.06391200951248513,0.06391200951248513,0.02919143876337693,0.02919143876337693,0.02919143876337693,0.02919143876337693,0.02919143876337693,0.009690844233055886,0.009690844233055886,0.009690844233055886,0.009690844233055886,0.009690844233055886,0.002140309155766944,0.002140309155766944,0.002140309155766944,0.002140309155766944,0.002140309155766944
1977,0.07075336579776569,0.07075336579776569,0.06548266972214266,0.06548266972214266,0.06548266972214266,0.06548266972214266,0.06548266972214266,0.06456602692638214,0.06456602692638214,0.06456602692638214,0.06456602692638214,0.06456602692638214,0.030306502434832426,0.030306502434832426,0.030306502434832426,0.030306502434832426,0.030306502434832426,0.009338298481810371,0.009338298481810371,0.009338298481810371,0.009338298481810371,0.009338298481810371,0.002005156115726153,0.002005156115726153,0.002005156115726153,0.002005156115726153,0.002005156115726153
1978,0.06855072463768115,0.06855072463768115,0.06463768115942028,0.06463768115942028,0.06463768115942028,0.06463768115942028,0.06463768115942028,0.06469565217391304,0.06469565217391304,0.06469565217391304,0.06469565217391304,0.06469565217391304,0.03159420289855073,0.03159420289855073,0.03159420289855073,0.03159420289855073,0.03159420289855073,0.009739130434782608,0.009739130434782608,0.009739130434782608,0.009739130434782608,0.009739130434782608,0.0019130434782608698,0.0019130434782608698,0.0019130434782608698,0.0019130434782608698,0.0019130434782608698
1979,0.06732673267326733,0.06732673267326733,0.06449787835926449,0.06449787835926449,0.06449787835926449,0.06449787835926449,0.06449787835926449,0.06500707213578502,0.06500707213578502,0.06500707213578502,0.06500707213578502,0.06500707213578502,0.032248939179632244,0.032248939179632244,0.032248939179632244,0.032248939179632244,0.032248939179632244,0.009504950495049505,0.009504950495049505,0.009504950495049505,0.009504950495049505,0.009504950495049505,0.0018104667609618106,0.0018104667609618106,0.0018104667609618106,0.0018104667609618106,0.0018104667609618106
1980,0.06518034649247373,0.06518034649247373,0.06441351888667993,0.06441351888667993,0.06441351888667993,0.06441351888667993,0.06441351888667993,0.06549275773927861,0.06549275773927861,0.06549275773927861,0.06549275773927861,0.06549275773927861,0.03294518602669696,0.03294518602669696,0.03294518602669696,0.03294518602669696,0.03294518602669696,0.009258733314399319,0.009258733314399319,0.009258733314399319,0.009258733314399319,0.009258733314399319,0.0018176654359556943,0.0018176654359556943,0.0018176654359556943,0.0018176654359556943,0.0018176654359556943
1981,0.06381118881118882,0.06381118881118882,0.062412587412587414,0.062412587412587414,0.062412587412587414,0.062412587412587414,0.062412587412587414,0.06637529137529138,0.06637529137529138,0.06637529137529138,0.06637529137529138,0.06637529137529138,0.03432400932400933,0.03432400932400933,0.03432400932400933,0.03432400932400933,0.03432400932400933,0.009557109557109558,0.009557109557109558,0.009557109557109558,0.009557109557109558,0.009557109557109558,0.001806526806526807,0.001806526806526807,0.001806526806526807,0.001806526806526807,0.001806526806526807
1982,0.06306569343065693,0.06306569343065693,0.06131386861313868,0.06131386861313868,0.06131386861313868,0.06131386861313868,0.06131386861313868,0.06563503649635036,0.06563503649635036,0.06563503649635036,0.06563503649635036,0.06563503649635036,0.035678832116788316,0.035678832116788316,0.035678832116788316,0.035678832116788316,0.035678832116788316,0.010394160583941605,0.010394160583941605,0.010394160583941605,0.010394160583941605,0.010394160583941605,0.001751824817518248,0.001751824817518248,0.001751824817518248,0.001751824817518248,0.001751824817518248
1983,0.06445837063563116,0.06445837063563116,0.05938525813190093,0.05938525813190093,0.05938525813190093,0.05938525813190093,0.05938525813190093,0.06553267681289168,0.06553267681289168,0.06553267681289168,0.06553267681289168,0.06553267681289168,0.03634735899731424,0.03634735899731424,0.03634735899731424,0.03634735899731424,0.03634735899731424,0.010981796478663087,0.010981796478663087,0.010981796478663087,0.010981796478663087,0.010981796478663087,0.001969561324977619,0.001969561324977619,0.001969561324977619,0.001969561324977619,0.001969561324977619
1984,0.06435643564356434,0.06435643564356434,0.058474082702387874,0.058474082702387874,0.058474082702387874,0.058474082702387874,0.058474082702387874,0.06482236458940009,0.06482236458940009,0.06482236458940009,0.06482236458940009,0.06482236458940009,0.03779848573092603,0.03779848573092603,0.03779848573092603,0.03779848573092603,0.03779848573092603,0.01141525917297612,0.01141525917297612,0.01141525917297612,0.01141525917297612,0.01141525917297612,0.0017472335468840996,0.0017472335468840996,0.0017472335468840996,0.0017472335468840996,0.0017472335468840996
1985,0.06350114416475972,0.06350114416475972,0.05778032036613272,0.05778032036613272,0.05778032036613272,0.05778032036613272,0.05778032036613272,0.06516018306636155,0.06516018306636155,0.06516018306636155,0.06516018306636155,0.06516018306636155,0.03804347826086956,0.03804347826086956,0.03804347826086956,0.03804347826086956,0.03804347826086956,0.011727688787185355,0.011727688787185355,0.011727688787185355,0.011727688787185355,0.011727688787185355,0.0018878718535469108,0.0018878718535469108,0.0018878718535469108,0.0018878718535469108,0.0018878718535469108
1986,0.06447443997702469,0.06447443997702469,0.05738081562320505,0.05738081562320505,0.05738081562320505,0.05738081562320505,0.05738081562320505,0.06427340608845492,0.06427340608845492,0.06427340608845492,0.06427340608845492,0.06427340608845492,0.03865594485927627,0.03865594485927627,0.03865594485927627,0.03865594485927627,0.03865594485927627,0.012062033314187247,0.012062033314187247,0.012062033314187247,0.012062033314187247,0.012062033314187247,0.0018380241240666284,0.0018380241240666284,0.0018380241240666284,0.0018380241240666284,0.0018380241240666284
1987,0.06498043599776412,0.06498043599776412,0.056903297931805485,0.056903297931805485,0.056903297931805485,0.056903297931805485,0.056903297931805485,0.06400223588596983,0.06400223588596983,0.06400223588596983,0.06400223588596983,0.06400223588596983,0.03868082727780884,0.03868082727780884,0.03868082727780884,0.03868082727780884,0.03868082727780884,0.01252096143096702,0.01252096143096702,0.01252096143096702,0.01252096143096702,0.01252096143096702,0.0019005030743432089,0.0019005030743432089,0.0019005030743432089,0.0019005030743432089,0.0019005030743432089
1988,0.06667594654788421,0.06667594654788421,0.05601336302895323,0.05601336302895323,0.05601336302895323,0.05601336302895323,0.05601336302895323,0.06341870824053454,0.06341870824053454,0.06341870824053454,0.06341870824053454,0.06341870824053454,0.03880846325167039,0.03880846325167039,0.03880846325167039,0.03880846325167039,0.03880846325167039,0.013028953229398666,0.013028953229398666,0.013028953229398666,0.013028953229398666,0.013028953229398666,0.002060133630289533,0.002060133630289533,0.002060133630289533,0.002060133630289533,0.002060133630289533
1989,0.07131842713955282,0.07131842713955282,0.055975327679259834,0.055975327679259834,0.055975327679259834,0.055975327679259834,0.055975327679259834,0.06229760986892831,0.06229760986892831,0.06229760986892831,0.06229760986892831,0.06229760986892831,0.03798509380621949,0.03798509380621949,0.03798509380621949,0.03798509380621949,0.03798509380621949,0.013209971729632486,0.013209971729632486,0.013209971729632486,0.013209971729632486,0.013209971729632486,0.0020046260601387818,0.0020046260601387818,0.0020046260601387818,0.0020046260601387818,0.0020046260601387818
1990,0.0743740795287187,0.0743740795287187,0.05488463426607757,0.05488463426607757,0.05488463426607757,0.05488463426607757,0.05488463426607757,0.061757486499754544,0.061757486499754544,0.061757486499754544,0.061757486499754544,0.061757486499754544,0.03804614629356898,0.03804614629356898,0.03804614629356898,0.03804614629356898,0.03804614629356898,0.013451153657339223,0.013451153657339223,0.013451153657339223,0.013451153657339223,0.013451153657339223,0.0021109474717722143,0.0021109474717722143,0.0021109474717722143,0.0021109474717722143,0.0021109474717722143
1991,0.07522567703109329,0.07522567703109329,0.05431293881644935,0.05431293881644935,0.05431293881644935,0.05431293881644935,0.05431293881644935,0.06123370110330993,0.06123370110330993,0.06123370110330993,0.06123370110330993,0.06123370110330993,0.038565697091273825,0.038565697091273825,0.038565697091273825,0.038565697091273825,0.038565697091273825,0.013691073219658978,0.013691073219658978,0.013691073219658978,0.013691073219658978,0.013691073219658978,0.0021063189568706116,0.0021063189568706116,0.0021063189568706116,0.0021063189568706116,0.0021063189568706116
1992,0.07545948744499094,0.07545948744499094,0.05286047113642247,0.05286047113642247,0.05286047113642247,0.05286047113642247,0.05286047113642247,0.06036758995599275,0.06036758995599275,0.06036758995599275,0.06036758995599275,0.06036758995599275,0.03971006989386488,0.03971006989386488,0.03971006989386488,0.03971006989386488,0.03971006989386488,0.014444732073517994,0.014444732073517994,0.014444732073517994,0.014444732073517994,0.014444732073517994,0.0024333419622055404,0.0024333419622055404,0.0024333419622055404,0.0024333419622055404,0.0024333419622055404
1993,0.07309014010044937,0.07309014010044937,0.05175786412899815,0.05175786412899815,0.05175786412899815,0.05175786412899815,0.05175786412899815,0.059846682527094894,0.059846682527094894,0.059846682527094894,0.059846682527094894,0.059846682527094894,0.0415543219666931,0.0415543219666931,0.0415543219666931,0.0415543219666931,0.0415543219666931,0.015120274914089345,0.015120274914089345,0.015120274914089345,0.015120274914089345,0.015120274914089345,0.0024848004229447527,0.0024848004229447527,0.0024848004229447527,0.0024848004229447527,0.0024848004229447527
1994,0.07233704292527822,0.07233704292527822,0.05119236883942766,0.05119236883942766,0.05119236883942766,0.05119236883942766,0.05119236883942766,0.059088500264970846,0.059088500264970846,0.059088500264970846,0.059088500264970846,0.059088500264970846,0.04260731319554849,0.04260731319554849,0.04260731319554849,0.04260731319554849,0.04260731319554849,0.015421303656597773,0.015421303656597773,0.015421303656597773,0.015421303656597773,0.015421303656597773,0.002755696873343932,0.002755696873343932,0.002755696873343932,0.002755696873343932,0.002755696873343932
1995,0.06989975616364129,0.06989975616364129,0.05071796261175833,0.05071796261175833,0.05071796261175833,0.05071796261175833,0.05071796261175833,0.0583581685180168,0.0583581685180168,0.0583581685180168,0.0583581685180168,0.0583581685180168,0.043782172852885395,0.043782172852885395,0.043782172852885395,0.043782172852885395,0.043782172852885395,0.01614738553237605,0.01614738553237605,0.01614738553237605,0.01614738553237605,0.01614738553237605,0.003034408019506909,0.003034408019506909,0.003034408019506909,0.003034408019506909,0.003034408019506909
1996,0.06597882161281564,0.06597882161281564,0.05131686125441216,0.05131686125441216,0.05131686125441216,0.05131686125441216,0.05131686125441216,0.05788759163725223,0.05788759163725223,0.05788759163725223,0.05788759163725223,0.05788759163725223,0.04474613087157209,0.04474613087157209,0.04474613087157209,0.04474613087157209,0.04474613087157209,0.016453977735541678,0.016453977735541678,0.016453977735541678,0.016453977735541678,0.016453977735541678,0.003203909856095574,0.003203909856095574,0.003203909856095574,0.003203909856095574,0.003203909856095574
1997,0.06244963738920226,0.06244963738920226,0.05200107440236369,0.05200107440236369,0.05200107440236369,0.05200107440236369,0.05200107440236369,0.05726564598442117,0.05726564598442117,0.05726564598442117,0.05726564598442117,0.05726564598442117,0.04528605962933119,0.04528605962933119,0.04528605962933119,0.04528605962933119,0.04528605962933119,0.017297878055331724,0.017297878055331724,0.017297878055331724,0.017297878055331724,0.017297878055331724,0.003169486972871341,0.003169486972871341,0.003169486972871341,0.003169486972871341,0.003169486972871341
1998,0.060755118319595854,0.060755118319595854,0.05190109013560222,0.05190109013560222,0.05190109013560222,0.05190109013560222,0.05190109013560222,0.05753788885934592,0.05753788885934592,0.05753788885934592,0.05753788885934592,0.05753788885934592,0.04557298590800319,0.04557298590800319,0.04557298590800319,0.04557298590800319,0.04557298590800319,0.01733581494283435,0.01733581494283435,0.01733581494283435,0.01733581494283435,0.01733581494283435,0.0033501728263759635,0.0033501728263759635,0.0033501728263759635,0.0033501728263759635,0.0033501728263759635
1999,0.05756535516239768,0.05756535516239768,0.052389754423026146,0.052389754423026146,0.052389754423026146,0.052389754423026146,0.052389754423026146,0.056931608133086876,0.056931608133086876,0.056931608133086876,0.056931608133086876,0.056931608133086876,0.046421969897016115,0.046421969897016115,0.046421969897016115,0.046421969897016115,0.046421969897016115,0.01795616583047267,0.01795616583047267,0.01795616583047267,0.01795616583047267,0.01795616583047267,0.003274359651439134,0.003274359651439134,0.003274359651439134,0.003274359651439134,0.003274359651439134
2000,0.05125628140703517,0.05125628140703517,0.051507537688442205,0.051507537688442205,0.051507537688442205,0.051507537688442205,0.051507537688442205,0.06020100502512563,0.06020100502512563,0.06020100502512563,0.06020100502512563,0.06020100502512563,0.04608040201005025,0.04608040201005025,0.04608040201005025,0.04608040201005025,0.04608040201005025,0.018341708542713567,0.018341708542713567,0.018341708542713567,0.018341708542713567,0.018341708542713567,0.0033668341708542717,0.0033668341708542717,0.0033668341708542717,0.0033668341708542717,0.0033668341708542717
2001,0.049731526463819994,0.049731526463819994,0.0496036819227819,0.0496036819227819,0.0496036819227819,0.0496036819227819,0.0496036819227819,0.060649450268473536,0.060649450268473536,0.060649450268473536,0.060649450268473536,0.060649450268473536,0.04740475581692662,0.04740475581692662,0.04740475581692662,0.04740475581692662,0.04740475581692662,0.018869854257223217,0.018869854257223217,0.018869854257223217,0.018869854257223217,0.018869854257223217,0.003579647149066735,0.003579647149066735,0.003579647149066735,0.003579647149066735,0.003579647149066735
2002,0.046252620545073383,0.046252620545073383,0.04863731656184487,0.04863731656184487,0.04863731656184487,0.04863731656184487,0.04863731656184487,0.06158280922431867,0.06158280922431867,0.06158280922431867,0.06158280922431867,0.06158280922431867,0.048427672955974846,0.048427672955974846,0.048427672955974846,0.048427672955974846,0.048427672955974846,0.019234800838574425,0.019234800838574425,0.019234800838574425,0.019234800838574425,0.019234800838574425,0.003616352201257862,0.003616352201257862,0.003616352201257862,0.003616352201257862,0.003616352201257862
2003,0.045067148760330585,0.045067148760330585,0.04741735537190083,0.04741735537190083,0.04741735537190083,0.04741735537190083,0.04741735537190083,0.0618801652892562,0.0618801652892562,0.0618801652892562,0.0618801652892562,0.0618801652892562,0.04876033057851241,0.04876033057851241,0.04876033057851241,0.04876033057851241,0.04876033057851241,0.020092975206611574,0.020092975206611574,0.020092975206611574,0.020092975206611574,0.020092975206611574,0.003822314049586778,0.003822314049586778,0.003822314049586778,0.003822314049586778,0.003822314049586778
2004,0.0450532329265126,0.0450532329265126,0.04684497533108284,0.04684497533108284,0.04684497533108284,0.04684497533108284,0.04684497533108284,0.06154245650480396,0.06154245650480396,0.06154245650480396,0.06154245650480396,0.06154245650480396,0.048974292391586606,0.048974292391586606,0.048974292391586606,0.048974292391586606,0.048974292391586606,0.020618021293170606,0.020618021293170606,0.020618021293170606,0.020618021293170606,0.020618021293170606,0.003998961308750974,0.003998961308750974,0.003998961308750974,0.003998961308750974,0.003998961308750974
2005,0.04329572290737339,0.04329572290737339,0.047284177381264766,0.047284177381264766,0.047284177381264766,0.047284177381264766,0.047284177381264766,0.061191288375754396,0.061191288375754396,0.061191288375754396,0.061191288375754396,0.061191288375754396,0.0492259249540803,0.0492259249540803,0.0492259249540803,0.0492259249540803,0.0492259249540803,0.02083442665966938,0.02083442665966938,0.02083442665966938,0.02083442665966938,0.02083442665966938,0.004145893466281816,0.004145893466281816,0.004145893466281816,0.004145893466281816,0.004145893466281816
2006,0.04437257438551099,0.04437257438551099,0.04729624838292367,0.04729624838292367,0.04729624838292367,0.04729624838292367,0.04729624838292367,0.060595084087968945,0.060595084087968945,0.060595084087968945,0.060595084087968945,0.060595084087968945,0.049676584734799474,0.049676584734799474,0.049676584734799474,0.049676584734799474,0.049676584734799474,0.0207503234152652,0.0207503234152652,0.0207503234152652,0.0207503234152652,0.0207503234152652,0.003932729624838292,0.003932729624838292,0.003932729624838292,0.003932729624838292,0.003932729624838292
2007,0.04541884816753927,0.04541884816753927,0.04701570680628272,0.04701570680628272,0.04701570680628272,0.04701570680628272,0.04701570680628272,0.05937172774869111,0.05937172774869111,0.05937172774869111,0.05937172774869111,0.05937172774869111,0.05047120418848168,0.05047120418848168,0.05047120418848168,0.05047120418848168,0.05047120418848168,0.020942408376963352,0.020942408376963352,0.020942408376963352,0.020942408376963352,0.020942408376963352,0.004031413612565446,0.004031413612565446,0.004031413612565446,0.004031413612565446,0.004031413612565446
2008,0.045430322408739676,0.045430322408739676,0.04646949107380763,0.04646949107380763,0.04646949107380763,0.04646949107380763,0.04646949107380763,0.05899280575539569,0.05899280575539569,0.05899280575539569,0.05899280575539569,0.05899280575539569,0.05083932853717027,0.05083932853717027,0.05083932853717027,0.05083932853717027,0.05083932853717027,0.020996536104449775,0.020996536104449775,0.020996536104449775,0.020996536104449775,0.020996536104449775,0.004529709565680789,0.004529709565680789,0.004529709565680789,0.004529709565680789,0.004529709565680789
2009,0.044669365721997305,0.044669365721997305,0.04502024291497976,0.04502024291497976,0.04502024291497976,0.04502024291497976,0.04502024291497976,0.06078272604588394,0.06078272604588394,0.06078272604588394,0.06078272604588394,0.06078272604588394,0.05176788124156545,0.05176788124156545,0.05176788124156545,0.05176788124156545,0.05176788124156545,0.020242914979757085,0.020242914979757085,0.020242914979757085,0.020242914979757085,0.020242914979757085,0.004318488529014845,0.004318488529014845,0.004318488529014845,0.004318488529014845,0.004318488529014845
2010,0.04094827586206896,0.04094827586206896,0.045366379310344825,0.045366379310344825,0.045366379310344825,0.045366379310344825,0.045366379310344825,0.06169181034482758,0.06169181034482758,0.06169181034482758,0.06169181034482758,0.06169181034482758,0.051293103448275854,0.051293103448275854,0.051293103448275854,0.051293103448275854,0.051293103448275854,0.020797413793103448,0.020797413793103448,0.020797413793103448,0.020797413793103448,0.020797413793103448,0.004471982758620689,0.004471982758620689,0.004471982758620689,0.004471982758620689,0.004471982758620689
2011,0.038221740309026836,0.038221740309026836,0.04407698563296286,0.04407698563296286,0.04407698563296286,0.04407698563296286,0.04407698563296286,0.0623475196530225,0.0623475196530225,0.0623475196530225,0.0623475196530225,0.0623475196530225,0.051992409867172684,0.051992409867172684,0.051992409867172684,0.051992409867172684,0.051992409867172684,0.021631878557874764,0.021631878557874764,0.021631878557874764,0.021631878557874764,0.021631878557874764,0.004662510165356465,0.004662510165356465,0.004662510165356465,0.004662510165356465,0.004662510165356465
2012,0.03628367234744365,0.03628367234744365,0.04293567894447499,0.04293567894447499,0.04293567894447499,0.04293567894447499,0.04293567894447499,0.06272677295217152,0.06272677295217152,0.06272677295217152,0.06272677295217152,0.06272677295217152,0.052831225948323256,0.052831225948323256,0.052831225948323256,0.052831225948323256,0.052831225948323256,0.022374931280923587,0.022374931280923587,0.022374931280923587,0.022374931280923587,0.022374931280923587,0.0046179219351291925,0.0046179219351291925,0.0046179219351291925,0.0046179219351291925,0.0046179219351291925
2013,0.0324124726477024,0.0324124726477024,0.04223194748358862,0.04223194748358862,0.04223194748358862,0.04223194748358862,0.04223194748358862,0.06285557986870896,0.06285557986870896,0.06285557986870896,0.06285557986870896,0.06285557986870896,0.05388402625820569,0.05388402625820569,0.05388402625820569,0.05388402625820569,0.05388402625820569,0.02335886214442013,0.02335886214442013,0.02335886214442013,0.02335886214442013,0.02335886214442013,0.004704595185995623,0.004704595185995623,0.004704595185995623,0.004704595185995623,0.004704595185995623
2014,0.029042814289610037,0.029042814289610037,0.041178074720479955,0.041178074720479955,0.041178074720479955,0.041178074720479955,0.041178074720479955,0.06315789473684211,0.06315789473684211,0.06315789473684211,0.06315789473684211,0.06315789473684211,0.05541314425961276,0.05541314425961276,0.05541314425961276,0.05541314425961276,0.05541314425961276,0.023834196891191713,0.023834196891191713,0.023834196891191713,0.023834196891191713,0.023834196891191713,0.004799563676029452,0.004799563676029452,0.004799563676029452,0.004799563676029452,0.004799563676029452
2015,0.027101769911504425,0.027101769911504425,0.04026548672566371,0.04026548672566371,0.04026548672566371,0.04026548672566371,0.04026548672566371,0.06238938053097345,0.06238938053097345,0.06238938053097345,0.06238938053097345,0.06238938053097345,0.056969026548672565,0.056969026548672565,0.056969026548672565,0.056969026548672565,0.056969026548672565,0.024668141592920353,0.024668141592920353,0.024668141592920353,0.024668141592920353,0.024668141592920353,0.004867256637168141,0.004867256637168141,0.004867256637168141,0.004867256637168141,0.004867256637168141
2016,0.024729091414281743,0.024729091414281743,0.039344262295081964,0.039344262295081964,0.039344262295081964,0.039344262295081964,0.039344262295081964,0.06096137816060017,0.06096137816060017,0.06096137816060017,0.06096137816060017,0.06096137816060017,0.05901639344262295,0.05901639344262295,0.05901639344262295,0.05901639344262295,0.05901639344262295,0.025618227285357044,0.025618227285357044,0.025618227285357044,0.025618227285357044,0.025618227285357044,0.005168102250625173,0.005168102250625173,0.005168102250625173,0.005168102250625173,0.005168102250625173
2017,0.02353942144072603,0.02353942144072603,0.03766307430516166,0.03766307430516166,0.03766307430516166,0.03766307430516166,0.03766307430516166,0.06154282473057289,0.06154282473057289,0.06154282473057289,0.06154282473057289,0.06154282473057289,0.059444129325014174,0.059444129325014174,0.059444129325014174,0.059444129325014174,0.059444129325014174,0.02620533182076007,0.02620533182076007,0.02620533182076007,0.02620533182076007,0.02620533182076007,0.005728871242200793,0.005728871242200793,0.005728871242200793,0.005728871242200793,0.005728871242200793
2018,0.023023457862728063,0.023023457862728063,0.03689545322907616,0.03689545322907616,0.03689545322907616,0.03689545322907616,0.03689545322907616,0.060237474659716184,0.060237474659716184,0.060237474659716184,0.060237474659716184,0.060237474659716184,0.0612221256878077,0.0612221256878077,0.0612221256878077,0.0612221256878077,0.0612221256878077,0.026643498407182158,0.026643498407182158,0.026643498407182158,0.026643498407182158,0.026643498407182158,0.005792064871126557,0.005792064871126557,0.005792064871126557,0.005792064871126557,0.005792064871126557
2019,0.022626441881100266,0.022626441881100266,0.036202307009760425,0.036202307009760425,0.036202307009760425,0.036202307009760425,0.036202307009760425,0.05933155871044069,0.05933155871044069,0.05933155871044069,0.05933155871044069,0.05933155871044069,0.06181603076013013,0.06181603076013013,0.06181603076013013,0.06181603076013013,0.06181603076013013,0.027565808932268558,0.027565808932268558,0.027565808932268558,0.027565808932268558,0.027565808932268558,0.00603371783496007,0.00603371783496007,0.00603371783496007,0.00603371783496007,0.00603371783496007
2020,0.020295202952029516,0.020295202952029516,0.03573185731857318,0.03573185731857318,0.03573185731857318,0.03573185731857318,0.03573185731857318,0.05990159901599016,0.05990159901599016,0.05990159901599016,0.05990159901599016,0.05990159901599016,0.062054120541205404,0.062054120541205404,0.062054120541205404,0.062054120541205404,0.062054120541205404,0.028167281672816725,0.028167281672816725,0.028167281672816725,0.028167281672816725,0.028167281672816725,0.006027060270602706,0.006027060270602706,0.006027060270602706,0.006027060270602706,0.006027060270602706
2021,0.018937080024434942,0.018937080024434942,0.03359804520464264,0.03359804520464264,0.03359804520464264,0.03359804520464264,0.03359804520464264,0.060171044593769096,0.060171044593769096,0.060171044593769096,0.060171044593769096,0.060171044593769096,0.06291997556505805,0.06291997556505805,0.06291997556505805,0.06291997556505805,0.06291997556505805,0.029566279780085525,0.029566279780085525,0.029566279780085525,0.029566279780085525,0.029566279780085525,0.00616982284667074,0.00616982284667074,0.00616982284667074,0.00616982284667074,0.00616982284667074
2022,0.018937080024434942,0.018937080024434942,0.03359804520464264,0.03359804520464264,0.03359804520464264,0.03359804520464264,0.03359804520464264,0.060171044593769096,0.060171044593769096,0.060171044593769096,0.060171044593769096,0.060171044593769096,0.06291997556505805,0.06291997556505805,0.06291997556505805,0.06291997556505805,0.06291997556505805,0.029566279780085525,0.029566279780085525,0.029566279780085525,0.029566279780085525,0.029566279780085525,0.00616982284667074,0.00616982284667074,0.00616982284667074,0.00616982284667074,0.00616982284667074
2023,0.018937080024434942,0.018937080024434942,0.03359804520464264,0.03359804520464264,0.03359804520464264,0.03359804520464264,0.03359804520464264,0.060171044593769096,0.060171044593769096,0.060171044593769096,0.060171044593769096,0.060171044593769096,0.06291997556505805,0.06291997556505805,0.06291997556505805,0.06291997556505805,0.06291997556505805,0.029566279780085525,0.029566279780085525,0.029566279780085525,0.029566279780085525,0.029566279780085525,0.00616982284667074,0.00616982284667074,0.00616982284667074,0.00616982284667074,0.00616982284667074
2024,0.018937080024434942,0.018937080024434942,0.03359804520464264,0.03359804520464264,0.03359804520464264,0.03359804520464264,0.03359804520464264,0.060171044593769096,0.060171044593769096,0.060171044593769096,0.060171044593769096,0.060171044593769096,0.06291997556505805,0.06291997556505805,0.06291997556505805,0.06291997556505805,0.06291997556505805,0.029566279780085525,0.029566279780085525,0.029566279780085525,0.029566279780085525,0.029566279780085525,0.00616982284667074,0.00616982284667074,0.00616982284667074,0.00616982284667074,0.00616982284667074
2025,0.018937080024434942,0.018937080024434942,0.03359804520464264,0.03359804520464264,0.03359804520464264,0.03359804520464264,0.03359804520464264,0.060171044593769096,0.060171044593769096,0.060171044593769096,0.060171044593769096,0.060171044593769096,0.06291997556505805,0.06291997556505805,0.06291997556505805,0.06291997556505805,0.06291997556505805,0.029566279780085525,0.029566279780085525,0.029566279780085525,0.029566279780085525,0.029566279780085525,0.00616982284667074,0.00616982284667074,0.00616982284667074,0.00616982284667074,0.00616982284667074
