CurrentState,Year,Population Retained,Domestic Immigrants,Foreign Immigrants,Total Immigrants,Total Emigrants,Assumed Population
Alabama,2005,,789319,,789319,97191.0,
Alaska,2005,,169239,,169239,53714.0,
Arizona,2005,,1363690,,1363690,157544.0,
Arkansas,2005,,553310,,553310,66074.0,
California,2005,,6072215,,6072215,718417.0,
Colorado,2005,,1028203,,1028203,152522.0,
Connecticut,2005,,464690,,464690,86070.0,
Delaware,2005,,148749,,148749,22787.0,
District of Columbia ,2005,,137787,,137787,50181.0,
Florida,2005,,3509848,,3509848,450565.0,
Georgia,2005,,1768230,,1768230,226665.0,
Hawaii,2005,,212737,,212737,46751.0,
Idaho,2005,,322356,,322356,48527.0,
Illinois,2005,,1995565,,1995565,265668.0,
Indiana,2005,,1060609,,1060609,138133.0,
Iowa,2005,,507687,,507687,75104.0,
Kansas,2005,,543794,,543794,81566.0,
Kentucky,2005,,711028,,711028,90893.0,
Louisiana,2005,,862910,,862910,175420.0,
Maine,2005,,216006,,216006,34535.0,
Maryland,2005,,937994,,937994,173362.0,
Massachusetts,2005,,952112,,952112,161887.0,
Michigan,2005,,1519482,,1519482,177623.0,
Minnesota,2005,,789323,,789323,101436.0,
Mississippi,2005,,538130,,538130,84867.0,
Missouri,2005,,1045940,,1045940,137161.0,
Montana,2005,,196121,,196121,31923.0,
Nebraska,2005,,309543,,309543,47045.0,
Nevada,2005,,589919,,589919,103617.0,
New Hampshire,2005,,213298,,213298,46984.0,
New Jersey,2005,,1121448,,1121448,196069.0,
New Mexico,2005,,390859,,390859,63083.0,
New York,2005,,2462152,,2462152,474593.0,
North Carolina,2005,,1580098,,1580098,212708.0,
North Dakota,2005,,109443,,109443,21147.0,
Ohio,2005,,1849072,,1849072,216207.0,
Oklahoma,2005,,719199,,719199,90859.0,
Oregon,2005,,809491,,809491,103869.0,
Pennsylvania,2005,,1612901,,1612901,220536.0,
Puerto Rico,2005,,371236,,371236,47208.0,
Rhode Island,2005,,151681,,151681,38968.0,
South Carolina,2005,,723372,,723372,110157.0,
South Dakota,2005,,144361,,144361,24791.0,
Tennessee,2005,,1097086,,1097086,140729.0,
Texas,2005,,4373768,,4373768,380362.0,
Utah,2005,,545674,,545674,84271.0,
Vermont,2005,,108189,,108189,23440.0,
Virginia,2005,,1340798,,1340798,231945.0,
Washington,2005,,1339253,,1339253,173787.0,
West Virginia,2005,,251939,,251939,45758.0,
Wisconsin,2005,,874532,,874532,102450.0,
Wyoming,2005,,115096,,115096,26931.0,
Alabama,2006,,833381,,833381,101626.0,
Alaska,2006,,203161,,203161,63403.0,
Arizona,2006,,1417052,,1417052,193632.0,
Arkansas,2006,,599965,,599965,76060.0,
California,2006,,6445034,,6445034,746676.0,
Colorado,2006,,1080930,,1080930,163319.0,
Connecticut,2006,,567977,,567977,112753.0,
Delaware,2006,,149493,,149493,31605.0,
District of Columbia ,2006,,168378,,168378,60829.0,
Florida,2006,,3646255,,3646255,541209.0,
Georgia,2006,,1971160,,1971160,234281.0,
Hawaii,2006,,256042,,256042,72333.0,
Idaho,2006,,361322,,361322,58672.0,
Illinois,2006,,2223554,,2223554,323308.0,
Indiana,2006,,1196909,,1196909,151391.0,
Iowa,2006,,575825,,575825,76483.0,
Kansas,2006,,596975,,596975,87436.0,
Kentucky,2006,,797382,,797382,99343.0,
Louisiana,2006,,1076227,,1076227,277682.0,
Maine,2006,,224763,,224763,36080.0,
Maryland,2006,,989595,,989595,187196.0,
Massachusetts,2006,,1043267,,1043267,178374.0,
Michigan,2006,,1611963,,1611963,200440.0,
Minnesota,2006,,842775,,842775,119421.0,
Mississippi,2006,,598367,,598367,106010.0,
Missouri,2006,,1170753,,1170753,160918.0,
Montana,2006,,194757,,194757,31848.0,
Nebraska,2006,,371665,,371665,57459.0,
Nevada,2006,,650422,,650422,109537.0,
New Hampshire,2006,,219731,,219731,42072.0,
New Jersey,2006,,1201089,,1201089,244952.0,
New Mexico,2006,,389328,,389328,65344.0,
New York,2006,,2695551,,2695551,513306.0,
North Carolina,2006,,1750168,,1750168,221889.0,
North Dakota,2006,,133316,,133316,25155.0,
Ohio,2006,,2006440,,2006440,230738.0,
Oklahoma,2006,,780700,,780700,100809.0,
Oregon,2006,,855366,,855366,116524.0,
Pennsylvania,2006,,1787406,,1787406,228620.0,
Puerto Rico,2006,,372381,,372381,67110.0,
Rhode Island,2006,,176225,,176225,35057.0,
South Carolina,2006,,828145,,828145,121049.0,
South Dakota,2006,,157186,,157186,28398.0,
Tennessee,2006,,1141788,,1141788,153154.0,
Texas,2006,,4871385,,4871385,461957.0,
Utah,2006,,600217,,600217,81797.0,
Vermont,2006,,113441,,113441,24020.0,
Virginia,2006,,1483149,,1483149,253749.0,
Washington,2006,,1413906,,1413906,184156.0,
West Virginia,2006,,269825,,269825,41825.0,
Wisconsin,2006,,956092,,956092,113826.0,
Wyoming,2006,,125099,,125099,29846.0,
Alabama,2007,,855487,,855487,113085.0,
Alaska,2007,,198108,,198108,63013.0,
Arizona,2007,,1381743,,1381743,189415.0,
Arkansas,2007,,598629,,598629,83680.0,
California,2007,,5979613,,5979613,668021.0,
Colorado,2007,,1083050,,1083050,176007.0,
Connecticut,2007,,516308,,516308,101599.0,
Delaware,2007,,154032,,154032,30348.0,
District of Columbia ,2007,,166612,,166612,60777.0,
Florida,2007,,3439354,,3439354,538034.0,
Georgia,2007,,1920377,,1920377,261233.0,
Hawaii,2007,,251223,,251223,66468.0,
Idaho,2007,,325017,,325017,48830.0,
Illinois,2007,,2047893,,2047893,298703.0,
Indiana,2007,,1161200,,1161200,151112.0,
Iowa,2007,,542971,,542971,70571.0,
Kansas,2007,,577089,,577089,92441.0,
Kentucky,2007,,767495,,767495,103817.0,
Louisiana,2007,,774831,,774831,117192.0,
Maine,2007,,214528,,214528,35037.0,
Maryland,2007,,927294,,927294,193453.0,
Massachusetts,2007,,990910,,990910,179090.0,
Michigan,2007,,1598715,,1598715,210049.0,
Minnesota,2007,,826070,,826070,115369.0,
Mississippi,2007,,548694,,548694,86583.0,
Missouri,2007,,1117631,,1117631,155313.0,
Montana,2007,,188751,,188751,29873.0,
Nebraska,2007,,351913,,351913,53621.0,
Nevada,2007,,613992,,613992,111324.0,
New Hampshire,2007,,230985,,230985,46624.0,
New Jersey,2007,,1100209,,1100209,216947.0,
New Mexico,2007,,375370,,375370,72600.0,
New York,2007,,2562694,,2562694,447109.0,
North Carolina,2007,,1754296,,1754296,221334.0,
North Dakota,2007,,124052,,124052,21057.0,
Ohio,2007,,1920693,,1920693,213970.0,
Oklahoma,2007,,787643,,787643,90415.0,
Oregon,2007,,786201,,786201,107398.0,
Pennsylvania,2007,,1775893,,1775893,243822.0,
Puerto Rico,2007,,360005,,360005,60388.0,
Rhode Island,2007,,171046,,171046,36726.0,
South Carolina,2007,,775904,,775904,101277.0,
South Dakota,2007,,148640,,148640,23402.0,
Tennessee,2007,,1148499,,1148499,162700.0,
Texas,2007,,4778153,,4778153,421775.0,
Utah,2007,,546125,,546125,72627.0,
Vermont,2007,,111534,,111534,25085.0,
Virginia,2007,,1440277,,1440277,248688.0,
Washington,2007,,1291741,,1291741,167375.0,
West Virginia,2007,,276019,,276019,44667.0,
Wisconsin,2007,,946577,,946577,119593.0,
Wyoming,2007,,129952,,129952,26754.0,
Alabama,2008,,795670,,795670,100849.0,
Alaska,2008,,235788,,235788,85376.0,
Arizona,2008,,1377602,,1377602,187722.0,
Arkansas,2008,,581383,,581383,77978.0,
California,2008,,5889239,,5889239,585660.0,
Colorado,2008,,1093449,,1093449,165958.0,
Connecticut,2008,,511272,,511272,99363.0,
Delaware,2008,,154679,,154679,31543.0,
District of Columbia ,2008,,166976,,166976,58964.0,
Florida,2008,,3352621,,3352621,514421.0,
Georgia,2008,,1870588,,1870588,257697.0,
Hawaii,2008,,241734,,241734,56356.0,
Idaho,2008,,346439,,346439,59116.0,
Illinois,2008,,1970886,,1970886,301750.0,
Indiana,2008,,1126398,,1126398,132599.0,
Iowa,2008,,555876,,555876,73294.0,
Kansas,2008,,567915,,567915,89761.0,
Kentucky,2008,,724964,,724964,91909.0,
Louisiana,2008,,765048,,765048,109059.0,
Maine,2008,,218719,,218719,31723.0,
Maryland,2008,,880057,,880057,175853.0,
Massachusetts,2008,,982498,,982498,154724.0,
Michigan,2008,,1631149,,1631149,203739.0,
Minnesota,2008,,817997,,817997,115956.0,
Mississippi,2008,,505791,,505791,70345.0,
Missouri,2008,,1121975,,1121975,151632.0,
Montana,2008,,199953,,199953,36217.0,
Nebraska,2008,,341882,,341882,51732.0,
Nevada,2008,,624925,,624925,104099.0,
New Hampshire,2008,,208110,,208110,41623.0,
New Jersey,2008,,1059688,,1059688,211311.0,
New Mexico,2008,,385473,,385473,68128.0,
New York,2008,,2446681,,2446681,418960.0,
North Carolina,2008,,1742834,,1742834,234941.0,
North Dakota,2008,,127804,,127804,24344.0,
Ohio,2008,,1894097,,1894097,218975.0,
Oklahoma,2008,,784651,,784651,96782.0,
Oregon,2008,,761224,,761224,111150.0,
Pennsylvania,2008,,1736521,,1736521,230334.0,
Puerto Rico,2008,,381463,,381463,67862.0,
Rhode Island,2008,,159863,,159863,34489.0,
South Carolina,2008,,765397,,765397,115943.0,
South Dakota,2008,,144199,,144199,25707.0,
Tennessee,2008,,1140168,,1140168,151848.0,
Texas,2008,,4597634,,4597634,408036.0,
Utah,2008,,540952,,540952,73941.0,
Vermont,2008,,104941,,104941,24177.0,
Virginia,2008,,1433903,,1433903,243123.0,
Washington,2008,,1271525,,1271525,170559.0,
West Virginia,2008,,274435,,274435,50147.0,
Wisconsin,2008,,900451,,900451,111434.0,
Wyoming,2008,,123736,,123736,30860.0,
Alabama,2009,,811154,,811154,106681.0,
Alaska,2009,,219093,,219093,71568.0,
Arizona,2009,,1479574,,1479574,197213.0,
Arkansas,2009,,568431,,568431,65829.0,
California,2009,,6245190,,6245190,546589.0,
Colorado,2009,,1058946,,1058946,155042.0,
Connecticut,2009,,484100,,484100,94322.0,
Delaware,2009,,152129,,152129,29135.0,
District of Columbia ,2009,,139228,,139228,53165.0,
Florida,2009,,3381219,,3381219,451268.0,
Georgia,2009,,1852922,,1852922,252539.0,
Hawaii,2009,,261700,,261700,64417.0,
Idaho,2009,,308765,,308765,58805.0,
Illinois,2009,,1896355,,1896355,278162.0,
Indiana,2009,,1110386,,1110386,143979.0,
Iowa,2009,,528420,,528420,69870.0,
Kansas,2009,,576943,,576943,88943.0,
Kentucky,2009,,749043,,749043,94414.0,
Louisiana,2009,,719363,,719363,90189.0,
Maine,2009,,194524,,194524,32340.0,
Maryland,2009,,915882,,915882,159096.0,
Massachusetts,2009,,967395,,967395,141056.0,
Michigan,2009,,1620830,,1620830,206343.0,
Minnesota,2009,,835358,,835358,112812.0,
Mississippi,2009,,500458,,500458,74014.0,
Missouri,2009,,1089690,,1089690,139009.0,
Montana,2009,,190417,,190417,30285.0,
Nebraska,2009,,350867,,350867,43712.0,
Nevada,2009,,648748,,648748,111689.0,
New Hampshire,2009,,218149,,218149,48422.0,
New Jersey,2009,,989702,,989702,189956.0,
New Mexico,2009,,367794,,367794,65986.0,
New York,2009,,2410109,,2410109,382520.0,
North Carolina,2009,,1634396,,1634396,228778.0,
North Dakota,2009,,131038,,131038,21343.0,
Ohio,2009,,1827986,,1827986,206357.0,
Oklahoma,2009,,750308,,750308,90004.0,
Oregon,2009,,754551,,754551,101288.0,
Pennsylvania,2009,,1703317,,1703317,205772.0,
Puerto Rico,2009,,344840,,344840,62074.0,
Rhode Island,2009,,168191,,168191,32278.0,
South Carolina,2009,,761531,,761531,116087.0,
South Dakota,2009,,154533,,154533,26107.0,
Tennessee,2009,,1109167,,1109167,159516.0,
Texas,2009,,4629349,,4629349,380932.0,
Utah,2009,,531119,,531119,82216.0,
Vermont,2009,,102743,,102743,24012.0,
Virginia,2009,,1449765,,1449765,248926.0,
Washington,2009,,1260523,,1260523,179350.0,
West Virginia,2009,,266911,,266911,47036.0,
Wisconsin,2009,,894821,,894821,100137.0,
Wyoming,2009,,117580,,117580,30372.0,
Alabama,2010,4607620,108723,13166,121889,99221.0,4630288.0
Alaska,2010,660909,36326,5739,42065,94692.0,608282.0
Arizona,2010,6070993,222725,39068,261793,176768.0,6156018.0
Arkansas,2010,2800803,79127,8374,87501,64264.0,2824040.0
California,2010,36203508,444749,259640,704389,573988.0,36333909.0
Colorado,2010,4767452,186366,34372,220738,140620.0,4847570.0
Connecticut,2010,3443646,77333,20167,97500,89360.0,3451786.0
Delaware,2010,854641,30759,4412,35171,30055.0,859757.0
District of Columbia ,2010,538442,51244,7061,58305,56052.0,540695.0
Florida,2010,18013538,482889,151173,634062,427853.0,18219747.0
Georgia,2010,9293957,249459,43821,293280,244992.0,9342245.0
Hawaii,2010,1274887,53581,17806,71387,49218.0,1297056.0
Idaho,2010,1489128,55638,6201,61839,53122.0,1497845.0
Illinois,2010,12414377,203959,61790,265749,277579.0,12402547.0
Indiana,2010,6264101,127353,23408,150761,130170.0,6284692.0
Iowa,2010,2928860,72557,11636,84193,66922.0,2946131.0
Kansas,2010,2713562,95059,12273,107332,90681.0,2730213.0
Kentucky,2010,4158146,118443,20050,138493,92999.0,4203640.0
Louisiana,2010,4373681,97889,11959,109848,88131.0,4395398.0
Maine,2010,1283515,27758,2629,30387,32209.0,1281693.0
Maryland,2010,5506516,164484,45785,210269,159866.0,5556919.0
Massachusetts,2010,6290274,140162,58814,198976,144152.0,6345098.0
Michigan,2010,9601999,116149,43979,160128,178207.0,9583920.0
Minnesota,2010,5128576,89872,25808,115680,104765.0,5139491.0
Mississippi,2010,2850995,72321,7912,80233,68363.0,2862865.0
Missouri,2010,5755647,145226,19985,165211,148055.0,5772803.0
Montana,2010,939461,35630,3416,39046,35870.0,942637.0
Nebraska,2010,1744143,51290,7264,58554,43531.0,1759166.0
Nevada,2010,2547671,102677,17016,119693,109409.0,2557955.0
New Hampshire,2010,1259572,39367,4926,44293,38399.0,1265466.0
New Jersey,2010,8525952,127369,56612,183981,193972.0,8515961.0
New Mexico,2010,1956613,73605,9331,82936,50438.0,1989111.0
New York,2010,18755745,269427,146744,416171,363139.0,18808777.0
North Carolina,2010,9123018,263256,56726,319982,207025.0,9235975.0
North Dakota,2010,631942,30100,3612,33712,24450.0,641204.0
Ohio,2010,11198628,172633,33840,206473,188013.0,11217088.0
Oklahoma,2010,3594321,106511,15432,121943,90616.0,3625648.0
Oregon,2010,3656737,116700,20571,137271,100185.0,3693823.0
Pennsylvania,2010,12292221,235580,49754,285334,209810.0,12367745.0
Rhode Island,2010,999886,32059,10295,42354,24948.0,1017292.0
South Carolina,2010,4408840,152441,16118,168559,117569.0,4459830.0
South Dakota,2010,777798,25777,2041,27818,27915.0,777701.0
Tennessee,2010,6100851,159778,22077,181855,143135.0,6139571.0
Texas,2010,24240500,486558,172017,658575,411641.0,24487434.0
Utah,2010,2629046,77780,17238,95018,75541.0,2648523.0
Vermont,2010,594007,22529,2827,25356,18380.0,600983.0
Virginia,2010,7622801,259507,48465,307972,232002.0,7698771.0
Washington,2010,6411908,191784,57629,249413,166162.0,6495159.0
West Virginia,2010,1791293,39609,2633,42242,49349.0,1784186.0
Wisconsin,2010,5515637,93065,14494,107559,111240.0,5511956.0
Wyoming,2010,526869,28046,2039,30085,28186.0,528768.0
Puerto Rico,2010,3639772,31732,4989,36721,,
Alabama,2011,4612735,117726,14817,132543,106806.0,4638472.0
Alaska,2011,672137,35084,4741,39825,88850.0,623112.0
Arizona,2011,6135862,222877,43562,266439,211816.0,6190485.0
Arkansas,2011,2827577,69845,9210,79055,77226.0,2829406.0
California,2011,36484478,468428,269772,738200,562343.0,36660335.0
Colorado,2011,4811275,202124,35044,237168,160623.0,4887820.0
Connecticut,2011,3456379,71502,20786,92288,91295.0,3457372.0
Delaware,2011,858570,33912,4705,38617,26631.0,870556.0
District of Columbia ,2011,556178,48066,7364,55430,49732.0,561876.0
Florida,2011,18196423,498597,168928,667525,437202.0,18426746.0
Georgia,2011,9384857,271077,43925,315002,248892.0,9450967.0
Hawaii,2011,1283675,57542,16589,74131,61940.0,1295866.0
Idaho,2011,1492964,60336,6337,66673,57831.0,1501806.0
Illinois,2011,12430381,216204,71817,288021,269008.0,12449394.0
Indiana,2011,6287841,127874,21440,149314,143228.0,6293927.0
Iowa,2011,2943867,70405,13446,83851,74516.0,2953202.0
Kansas,2011,2734815,83640,15129,98769,94180.0,2739404.0
Kentucky,2011,4191973,110031,14293,124324,99256.0,4217041.0
Louisiana,2011,4403809,99138,15682,114820,86593.0,4432036.0
Maine,2011,1277466,33818,4549,38367,33729.0,1282104.0
Maryland,2011,5562347,153979,42761,196740,165041.0,5594046.0
Massachusetts,2011,6315209,139830,60018,199848,145869.0,6369188.0
Michigan,2011,9583684,139158,43732,182890,186505.0,9580069.0
Minnesota,2011,5151638,101029,24662,125691,103253.0,5174076.0
Mississippi,2011,2866970,68511,7540,76051,68597.0,2874424.0
Missouri,2011,5764086,149439,24371,173810,138404.0,5799492.0
Montana,2011,950464,33553,3059,36612,31204.0,955872.0
Nebraska,2011,1758460,52070,6596,58666,52809.0,1764317.0
Nevada,2011,2564985,110345,13006,123351,115943.0,2572393.0
New Hampshire,2011,1263365,37000,5313,42313,43277.0,1262401.0
New Jersey,2011,8519041,140194,60717,200911,216369.0,8503583.0
New Mexico,2011,1981631,62130,11532,73662,61431.0,1993862.0
New York,2011,18811365,282209,155111,437320,377800.0,18870885.0
North Carolina,2011,9230748,265291,43373,308664,225147.0,9314265.0
North Dakota,2011,639743,32510,2908,35418,26563.0,648598.0
Ohio,2011,11190075,191778,37091,228869,206049.0,11212895.0
Oklahoma,2011,3617539,108878,16281,125159,81009.0,3661689.0
Oregon,2011,3677453,127906,23355,151261,109795.0,3718919.0
Pennsylvania,2011,12323641,234291,52554,286845,215127.0,12395359.0
Rhode Island,2011,1005475,26769,7778,34547,31065.0,1008957.0
South Carolina,2011,4446371,157644,20165,177809,121426.0,4502754.0
South Dakota,2011,783091,27506,3578,31084,29383.0,784792.0
Tennessee,2011,6137534,170969,24963,195932,154243.0,6179223.0
Texas,2011,24633115,514726,179263,693989,404839.0,24922265.0
Utah,2011,2669945,85217,14465,99682,73211.0,2696416.0
Vermont,2011,598023,20463,2868,23331,18172.0,603182.0
Virginia,2011,7679371,257130,60051,317181,229227.0,7767325.0
Washington,2011,6484994,208507,54973,263480,190644.0,6557830.0
West Virginia,2011,1781372,50068,5174,55242,45956.0,1790658.0
Wisconsin,2011,5522173,109439,15601,125040,105370.0,5541843.0
Wyoming,2011,529456,30651,1282,31933,31991.0,529398.0
Puerto Rico,2011,3641865,22649,4681,27330,,
Alabama,2012,4644586,104600,15242,119842,109210.0,4655218.0
Alaska,2012,683164,33415,4607,38022,84068.0,637118.0
Arizona,2012,6196463,232457,39987,272444,206842.0,6262065.0
Arkansas,2012,2826393,76948,9339,86287,64967.0,2847713.0
California,2012,36824486,493641,254611,748252,566986.0,37005752.0
Colorado,2012,4883278,205060,35606,240666,161530.0,4962414.0
Connecticut,2012,3449858,80311,25150,105461,87023.0,3468296.0
Delaware,2012,868219,34757,3600,38357,25149.0,881427.0
District of Columbia ,2012,562259,53830,8758,62588,59513.0,565334.0
Florida,2012,18412905,537148,164567,701715,428325.0,18686295.0
Georgia,2012,9467686,277466,51395,328861,252262.0,9544285.0
Hawaii,2012,1298972,55145,20735,75880,61509.0,1313343.0
Idaho,2012,1507126,59283,6627,65910,55191.0,1517845.0
Illinois,2012,12450512,208755,65852,274607,277953.0,12447166.0
Indiana,2012,6298318,134137,24612,158749,144597.0,6312470.0
Iowa,2012,2948917,75760,10792,86552,73325.0,2962144.0
Kansas,2012,2743594,88284,16830,105114,93134.0,2755574.0
Kentucky,2012,4197983,112787,17856,130643,103004.0,4225622.0
Louisiana,2012,4440429,91215,14270,105485,95956.0,4449958.0
Maine,2012,1283782,27523,4281,31804,38574.0,1277012.0
Maryland,2012,5618430,154983,43059,198042,157664.0,5658808.0
Massachusetts,2012,6378546,142577,59518,202095,158156.0,6422485.0
Michigan,2012,9599095,133981,45904,179885,175733.0,9603247.0
Minnesota,2012,5189315,101042,24871,125913,115946.0,5199282.0
Mississippi,2012,2869184,73500,5012,78512,66947.0,2880749.0
Missouri,2012,5766552,162930,22431,185361,142754.0,5809159.0
Montana,2012,955952,37690,1902,39592,33832.0,961712.0
Nebraska,2012,1778298,43266,7856,51122,48816.0,1780604.0
Nevada,2012,2586566,124285,14429,138714,98882.0,2626398.0
New Hampshire,2012,1252494,50484,6225,56709,38696.0,1270507.0
New Jersey,2012,8585035,130223,57486,187709,219202.0,8553542.0
New Mexico,2012,1995584,54693,10318,65011,63921.0,1996674.0
New York,2012,18925251,270053,156849,426902,405864.0,18946289.0
North Carolina,2012,9316910,273149,50431,323580,238663.0,9401827.0
North Dakota,2012,648272,38213,3353,41566,23959.0,665879.0
Ohio,2012,11176205,196391,42039,238430,199202.0,11215433.0
Oklahoma,2012,3638714,108972,14625,123597,102572.0,3659739.0
Oregon,2012,3719123,118925,19417,138342,108182.0,3749283.0
Pennsylvania,2012,12359488,215500,55094,270594,237156.0,12392926.0
Rhode Island,2012,1000716,33446,6365,39811,30498.0,1010029.0
South Carolina,2012,4493976,156705,18205,174910,127418.0,4541468.0
South Dakota,2012,791620,26051,3998,30049,22534.0,799135.0
Tennessee,2012,6179910,177098,21270,198368,163843.0,6214435.0
Texas,2012,25010317,507752,193722,701474,402187.0,25309604.0
Utah,2012,2697999,87870,19571,107441,82165.0,2723275.0
Vermont,2012,593479,24431,2314,26745,20056.0,600168.0
Virginia,2012,7772672,250653,62064,312717,238540.0,7846849.0
Washington,2012,6552894,215494,47375,262869,180462.0,6635301.0
West Virginia,2012,1787434,47125,2959,50084,47425.0,1790093.0
Wisconsin,2012,5543682,99192,17803,116995,97724.0,5562953.0
Wyoming,2012,536550,31149,2035,33184,32228.0,537506.0
Puerto Rico,2012,3604635,20044,3723,23767,,
Alabama,2013,4662266,104102,14928,119030,97219.0,4684077.0
Alaska,2013,683752,34360,7081,41441,99931.0,625262.0
Arizona,2013,6262505,236146,44711,280857,183178.0,6360184.0
Arkansas,2013,2843644,70621,9377,79998,76963.0,2846679.0
California,2013,37096264,485477,291448,776925,581679.0,37291510.0
Colorado,2013,4965163,206543,34306,240849,166348.0,5039664.0
Connecticut,2013,3453316,88351,21292,109643,91600.0,3471359.0
Delaware,2013,872641,36790,4594,41384,24771.0,889254.0
District of Columbia ,2013,578875,46571,11089,57660,57087.0,579448.0
Florida,2013,18641480,529406,174173,703579,423995.0,18921064.0
Georgia,2013,9535810,278972,55537,334509,270146.0,9600173.0
Hawaii,2013,1313593,58083,15685,73768,60437.0,1326924.0
Idaho,2013,1522653,61592,8351,69943,63788.0,1528808.0
Illinois,2013,12448246,223605,68965,292570,304644.0,12436172.0
Indiana,2013,6335035,133508,23763,157271,135472.0,6356834.0
Iowa,2013,2965459,75650,12526,88176,77470.0,2976165.0
Kansas,2013,2749934,89735,15200,104935,93983.0,2760886.0
Kentucky,2013,4224016,103207,17963,121170,98713.0,4246473.0
Louisiana,2013,4460221,91889,16210,108099,99711.0,4468609.0
Maine,2013,1274596,36780,4377,41157,28840.0,1286913.0
Maryland,2013,5650151,161525,45537,207062,183316.0,5673897.0
Massachusetts,2013,6425205,135150,59644,194794,155524.0,6464475.0
Michigan,2013,9590989,144091,49014,193105,166996.0,9617098.0
Minnesota,2013,5221411,104825,27205,132030,119221.0,5234220.0
Mississippi,2013,2882392,68588,6817,75405,72430.0,2885367.0
Missouri,2013,5794741,159936,18771,178707,138612.0,5834836.0
Montana,2013,957681,40035,5297,45332,31590.0,971423.0
Nebraska,2013,1788495,45854,8551,54405,47755.0,1795145.0
Nevada,2013,2614210,126583,16572,143155,100922.0,2656443.0
New Hampshire,2013,1259783,44867,6328,51195,46086.0,1264892.0
New Jersey,2013,8608807,136907,57965,194872,202319.0,8601360.0
New Mexico,2013,1989477,56808,13404,70212,75597.0,1984092.0
New York,2013,19012943,272066,146945,419011,401440.0,19030514.0
North Carolina,2013,9409992,275922,51451,327373,247090.0,9490275.0
North Dakota,2013,672621,38908,3275,42183,29808.0,684996.0
Ohio,2013,11207181,185749,46663,232412,201515.0,11238078.0
Oklahoma,2013,3676738,109255,15528,124783,100561.0,3700960.0
Oregon,2013,3726285,143841,18090,161931,111680.0,3776536.0
Pennsylvania,2013,12354315,224280,60898,285178,247295.0,12392198.0
Rhode Island,2013,999222,34108,7656,41764,36119.0,1004867.0
South Carolina,2013,4537368,166047,17187,183234,128726.0,4591876.0
South Dakota,2013,800372,30042,2289,32331,29118.0,803585.0
Tennessee,2013,6208473,186525,24228,210753,159497.0,6259729.0
Texas,2013,25353947,548034,185368,733402,409977.0,25677372.0
Utah,2013,2738607,97869,18191,116060,91943.0,2762724.0
Vermont,2013,595686,23180,2390,25570,21773.0,599483.0
Virginia,2013,7836985,266348,60331,326679,236420.0,7927244.0
Washington,2013,6628070,208215,52267,260482,191053.0,6697499.0
West Virginia,2013,1782948,51957,2958,54915,48627.0,1789236.0
Wisconsin,2013,5561260,100846,18918,119764,110198.0,5570826.0
Wyoming,2013,546416,27584,1933,29517,28150.0,547783.0
Puerto Rico,2013,3550121,24652,4447,29099,,
Alabama,2014,4670733,107919,13279,121198,111655.0,4680276.0
Alaska,2014,683274,37842,4090,41932,92637.0,632569.0
Arizona,2014,6353370,249730,48864,298594,203810.0,6448154.0
Arkansas,2014,2847276,74741,9106,83847,65198.0,2865925.0
California,2014,37508335,513968,318021,831989,593308.0,37747016.0
Colorado,2014,5041697,218728,33518,252246,173332.0,5120611.0
Connecticut,2014,3445986,82746,30183,112929,95501.0,3463414.0
Delaware,2014,888151,32166,4453,36619,27179.0,897591.0
District of Columbia ,2014,580920,56234,11432,67666,59138.0,589448.0
Florida,2014,18941457,546501,195805,742306,437516.0,19246247.0
Georgia,2014,9644575,274095,51497,325592,245570.0,9724597.0
Hawaii,2014,1330740,58144,12120,70264,60739.0,1340265.0
Idaho,2014,1542744,64633,5691,70324,56887.0,1556181.0
Illinois,2014,12452513,209536,68157,277693,323468.0,12406738.0
Indiana,2014,6351272,139846,25063,164909,136869.0,6379312.0
Iowa,2014,2974299,79194,14379,93573,76960.0,2990912.0
Kansas,2014,2754955,96467,15162,111629,93047.0,2773537.0
Kentucky,2014,4238919,104975,13925,118900,98496.0,4259323.0
Louisiana,2014,4482144,97814,13547,111361,85901.0,4507604.0
Maine,2014,1273008,39065,5565,44630,32076.0,1285562.0
Maryland,2014,5707504,156787,46944,203731,177059.0,5734176.0
Massachusetts,2014,6457254,146622,71031,217653,153736.0,6521171.0
Michigan,2014,9597532,149991,48136,198127,173337.0,9622322.0
Minnesota,2014,5248535,106783,29901,136684,121319.0,5263900.0
Mississippi,2014,2875532,73927,8199,82126,72543.0,2885115.0
Missouri,2014,5818915,153320,19960,173280,154226.0,5837969.0
Montana,2014,971650,37561,2958,40519,35654.0,976515.0
Nebraska,2014,1793976,52200,9180,61380,43219.0,1812137.0
Nevada,2014,2662373,130390,13407,143797,103599.0,2702571.0
New Hampshire,2014,1267812,41393,5530,46923,41391.0,1273344.0
New Jersey,2014,8647852,128911,63583,192494,208583.0,8631763.0
New Mexico,2014,1982509,68917,8763,77680,70144.0,1990045.0
New York,2014,19111245,258571,158404,416975,424074.0,19104146.0
North Carolina,2014,9499633,286533,45986,332519,248938.0,9583214.0
North Dakota,2014,687592,39059,3223,42282,27685.0,702189.0
Ohio,2014,11226197,196742,41952,238694,207006.0,11257885.0
Oklahoma,2014,3698848,111346,17094,128440,102615.0,3724673.0
Oregon,2014,3767497,137008,23352,160360,103111.0,3824746.0
Pennsylvania,2014,12345500,232889,67499,300388,251844.0,12394044.0
Rhode Island,2014,1005805,32621,7365,39986,37876.0,1007915.0
South Carolina,2014,4589053,171969,19637,191606,121524.0,4659135.0
South Dakota,2014,810848,28198,3030,31228,31154.0,810922.0
Tennessee,2014,6261648,182130,27667,209797,160057.0,6311388.0
Texas,2014,25832636,538572,217392,755964,435107.0,26153493.0
Utah,2014,2782186,90234,21581,111815,79697.0,2814304.0
Vermont,2014,596765,22635,1498,24133,20424.0,600474.0
Virginia,2014,7886966,262477,74611,337088,263767.0,7960287.0
Washington,2014,6691987,220259,67123,287382,198200.0,6781169.0
West Virginia,2014,1779850,47957,3607,51564,48804.0,1782610.0
Wisconsin,2014,5556610,117831,18286,136117,114724.0,5578003.0
Wyoming,2014,550341,25992,1449,27441,33465.0,544317.0
Puerto Rico,2014,3488586,19771,2829,22600,,
Alabama,2015,4674964,114876,11759,126635,100809.0,4700790.0
Alaska,2015,688678,34696,4488,39184,40552.0,687310.0
Arizona,2015,6446998,253281,47316,300597,184476.0,6563119.0
Arkansas,2015,2847711,81594,9036,90630,76673.0,2861668.0
California,2015,37823991,514477,336667,851144,643710.0,38031425.0
Colorado,2015,5132135,227445,33487,260932,182945.0,5210122.0
Connecticut,2015,3449706,76997,28141,105138,103343.0,3451501.0
Delaware,2015,886710,44495,4608,49103,30881.0,904932.0
District of Columbia ,2015,592212,59905,10889,70794,64736.0,598270.0
Florida,2015,19271202,584938,212252,797190,445320.0,19623072.0
Georgia,2015,9748696,283325,56504,339829,249302.0,9839223.0
Hawaii,2015,1342862,53742,17751,71493,60459.0,1353896.0
Idaho,2015,1552549,73809,9008,82817,55885.0,1579481.0
Illinois,2015,12429746,209828,66819,276647,337592.0,12368801.0
Indiana,2015,6370722,147529,22440,169969,141616.0,6399075.0
Iowa,2015,2984763,85937,10746,96683,81054.0,3000392.0
Kansas,2015,2766392,91340,17908,109248,99652.0,2775988.0
Kentucky,2015,4250516,106918,15969,122887,109026.0,4264377.0
Louisiana,2015,4503587,93321,15116,108437,100167.0,4511857.0
Maine,2015,1283665,30123,3656,33779,37053.0,1280391.0
Maryland,2015,5715579,168894,49532,218426,181803.0,5752202.0
Massachusetts,2015,6528295,132642,64741,197383,174793.0,6550885.0
Michigan,2015,9623960,142639,44817,187456,180337.0,9631079.0
Minnesota,2015,5279708,108476,31638,140114,127471.0,5292351.0
Mississippi,2015,2882514,69351,7424,76775,81358.0,2877931.0
Missouri,2015,5833722,159152,22706,181858,155529.0,5860051.0
Montana,2015,974061,42760,2825,45585,32620.0,987026.0
Nebraska,2015,1806809,52950,9458,62408,53210.0,1816007.0
Nevada,2015,2705673,135999,17817,153816,99409.0,2760080.0
New Hampshire,2015,1256924,53446,7751,61197,41885.0,1276236.0
New Jersey,2015,8644429,144074,65860,209934,227380.0,8626983.0
New Mexico,2015,1995807,55753,8881,64634,68415.0,1992026.0
New York,2015,19159920,257611,152640,410251,448855.0,19121316.0
North Carolina,2015,9570461,310612,46474,357086,237206.0,9690341.0
North Dakota,2015,698875,42618,3798,46416,31867.0,713424.0
Ohio,2015,11228833,203475,49834,253309,213236.0,11268906.0
Oklahoma,2015,3735665,110878,18365,129243,98771.0,3766137.0
Oregon,2015,3822229,141162,22321,163483,109240.0,3876472.0
Pennsylvania,2015,12368325,232683,61184,293867,262887.0,12399305.0
Rhode Island,2015,999060,38344,7658,46002,29918.0,1015144.0
South Carolina,2015,4649654,170366,19964,190330,134555.0,4705429.0
South Dakota,2015,818465,26962,2858,29820,25769.0,822516.0
Tennessee,2015,6302487,195923,23849,219772,176961.0,6345298.0
Texas,2015,26317627,553032,222189,775221,445343.0,26647505.0
Utah,2015,2826371,97361,23691,121052,84071.0,2863352.0
Vermont,2015,594386,21232,4334,25566,22135.0,597817.0
Virginia,2015,7935931,277715,70091,347806,268593.0,8015144.0
Washington,2015,6796027,230907,62209,293116,178528.0,6910615.0
West Virginia,2015,1778038,42078,3637,45715,51953.0,1771800.0
Wisconsin,2015,5581942,106511,19748,126259,109243.0,5598958.0
Wyoming,2015,540311,35947,2844,38791,31537.0,547565.0
Puerto Rico,2015,3413256,24762,5427,30189,,
Alabama,2016,4671844,122220,16062,138282,99892.0,4710234.0
Alaska,2016,693901,31300,6559,37859,42074.0,689686.0
Arizona,2016,6524830,273257,53749,327006,192103.0,6659733.0
Arkansas,2016,2869516,71083,9051,80134,72033.0,2877617.0
California,2016,37932064,514758,336614,851372,657690.0,38125746.0
Colorado,2016,5220779,223260,32889,256149,193179.0,5283749.0
Connecticut,2016,3439756,75586,26416,102002,112914.0,3428844.0
Delaware,2016,902926,33400,5747,39147,28742.0,913331.0
District of Columbia ,2016,602713,58154,11155,69309,59972.0,612050.0
Florida,2016,19563719,605018,232838,837856,433452.0,19968123.0
Georgia,2016,9805479,305040,69341,374381,258942.0,9920918.0
Hawaii,2016,1335598,57229,17431,74660,64119.0,1346139.0
Idaho,2016,1583671,71556,8529,80085,55772.0,1607984.0
Illinois,2016,12384543,203713,65886,269599,345528.0,12308614.0
Indiana,2016,6381515,145782,26787,172569,137409.0,6416675.0
Iowa,2016,3006097,78263,12923,91186,76999.0,3020284.0
Kansas,2016,2764322,88830,17377,106207,92821.0,2777708.0
Kentucky,2016,4252515,113238,19460,132698,103370.0,4281843.0
Louisiana,2016,4520701,85371,15970,101341,92190.0,4529852.0
Maine,2016,1276112,38590,4590,43180,32973.0,1286319.0
Maryland,2016,5746801,158647,44118,202765,186118.0,5763448.0
Massachusetts,2016,6523038,149408,72995,222403,176873.0,6568568.0
Michigan,2016,9603045,155874,54853,210727,156354.0,9657418.0
Minnesota,2016,5314391,111307,30206,141513,121583.0,5334321.0
Mississippi,2016,2880590,64639,5852,70491,77509.0,2873572.0
Missouri,2016,5837460,162809,21896,184705,159177.0,5862988.0
Montana,2016,991474,37775,3545,41320,31479.0,1001315.0
Nebraska,2016,1821244,51448,10295,61743,47456.0,1835531.0
Nevada,2016,2774867,117899,14477,132376,88563.0,2818680.0
New Hampshire,2016,1262671,52457,6973,59430,45628.0,1276473.0
New Jersey,2016,8638326,144359,69601,213960,226830.0,8625456.0
New Mexico,2016,1982451,64802,10604,75406,65578.0,1992279.0
New York,2016,19099651,260723,166069,426792,450136.0,19076307.0
North Carolina,2016,9651236,330896,50275,381171,256563.0,9775844.0
North Dakota,2016,711901,29655,4715,34370,37658.0,708613.0
Ohio,2016,11237875,195396,48481,243877,212041.0,11269711.0
Oklahoma,2016,3756248,102000,14984,116984,105685.0,3767547.0
Oregon,2016,3885755,139334,27132,166466,107169.0,3945052.0
Pennsylvania,2016,12324632,252060,68801,320861,257792.0,12387701.0
Rhode Island,2016,1005299,32800,7592,40392,35606.0,1010085.0
South Carolina,2016,4719369,165230,19189,184419,127686.0,4776102.0
South Dakota,2016,818009,31789,4034,35823,29654.0,824178.0
Tennessee,2016,6386637,170867,23449,194316,182813.0,6398140.0
Texas,2016,26705881,531996,234749,766745,444340.0,27028286.0
Utah,2016,2870326,107083,24835,131918,85803.0,2916441.0
Vermont,2016,596012,21262,2113,23375,23693.0,595694.0
Virginia,2016,7969808,264164,78325,342489,275671.0,8036626.0
Washington,2016,6883049,257728,61342,319070,192362.0,7009757.0
West Virginia,2016,1759771,47196,3742,50938,51476.0,1759233.0
Wisconsin,2016,5573347,118814,19943,138757,113882.0,5598222.0
Wyoming,2016,548991,26471,2105,28576,27184.0,550383.0
Puerto Rico,2016,3360085,21196,3479,24675,,
Alabama,2017,4693873,111803,13667,125470,101466.0,4717877.0
Alaska,2017,693972,30199,6703,36902,42972.0,687902.0
Arizona,2017,6628309,261727,45322,307049,163214.0,6772144.0
Arkansas,2017,2880026,79411,8958,88369,69850.0,2898545.0
California,2017,38244101,523131,318752,841883,661026.0,38424958.0
Colorado,2017,5280911,226933,34438,261371,194296.0,5347986.0
Connecticut,2017,3448392,83325,24580,107905,98971.0,3457326.0
Delaware,2017,909903,38532,4014,42546,35653.0,916796.0
District of Columbia ,2017,618238,56231,10341,66572,65018.0,619792.0
Florida,2017,19956729,566476,249166,815642,447586.0,20324785.0
Georgia,2017,9963349,278889,57259,336148,254956.0,10044541.0
Hawaii,2017,1347023,46457,17270,63727,66597.0,1344153.0
Idaho,2017,1615654,71899,6629,78528,56954.0,1637228.0
Illinois,2017,12392817,195092,71419,266511,339435.0,12319893.0
Indiana,2017,6425658,142290,23650,165940,132094.0,6459504.0
Iowa,2017,3017571,77072,12237,89309,79358.0,3027522.0
Kansas,2017,2779288,86154,11483,97637,99660.0,2777265.0
Kentucky,2017,4284821,103985,15473,119458,99490.0,4304789.0
Louisiana,2017,4544350,72836,12776,85612,102212.0,4527750.0
Maine,2017,1284322,34252,4017,38269,27425.0,1295166.0
Maryland,2017,5774235,165654,48118,213772,183900.0,5804107.0
Massachusetts,2017,6565846,146299,77653,223952,173033.0,6616765.0
Michigan,2017,9654095,148787,48448,197235,148059.0,9703271.0
Minnesota,2017,5372020,115623,23259,138882,125130.0,5385772.0
Mississippi,2017,2866944,73549,6478,80027,78043.0,2868928.0
Missouri,2017,5850443,164957,24477,189434,153284.0,5886593.0
Montana,2017,999742,35456,3972,39428,28012.0,1011158.0
Nebraska,2017,1830521,52507,11189,63696,47760.0,1846457.0
Nevada,2017,2813230,133074,17152,150226,98226.0,2865230.0
New Hampshire,2017,1271456,52893,6393,59286,41740.0,1289002.0
New Jersey,2017,8678846,152106,79239,231345,224961.0,8685230.0
New Mexico,2017,1994785,57255,10588,67843,67296.0,1995332.0
New York,2017,19208185,285252,145486,430738,452580.0,19186343.0
North Carolina,2017,9788660,313834,56062,369896,243206.0,9915350.0
North Dakota,2017,701453,37315,5873,43188,37344.0,707297.0
Ohio,2017,11275592,198929,45588,244517,206479.0,11313630.0
Oklahoma,2017,3759030,101961,14931,116892,96005.0,3779917.0
Oregon,2017,3926531,149513,26004,175517,109454.0,3992594.0
Pennsylvania,2017,12365331,250120,59191,309311,254634.0,12420008.0
Rhode Island,2017,1005650,36850,6049,42899,30166.0,1018383.0
South Carolina,2017,4779832,166573,19806,186379,128797.0,4837414.0
South Dakota,2017,823521,26106,7099,33205,27412.0,829314.0
Tennessee,2017,6424902,191909,25261,217170,155665.0,6486407.0
Texas,2017,27177720,524511,222401,746912,467338.0,27457294.0
Utah,2017,2931464,99584,25145,124729,89721.0,2966472.0
Vermont,2017,593978,21868,3243,25111,20872.0,598217.0
Virginia,2017,8048049,250490,73983,324473,262563.0,8109959.0
Washington,2017,6994539,260787,63485,324272,198813.0,7119998.0
West Virginia,2017,1755208,40007,3091,43098,43321.0,1754985.0
Wisconsin,2017,5595923,112519,23107,135626,113492.0,5618057.0
Wyoming,2017,552569,18511,2403,20914,25954.0,547529.0
Puerto Rico,2017,3290366,20167,2986,23153,,
Alabama,2018,4707940,109301,15117,124418,98194.0,4734164.0
Alaska,2018,689936,32099,5129,37228,39246.0,687918.0
Arizona,2018,6776152,273714,40271,313985,179586.0,6910551.0
Arkansas,2018,2894068,73179,8714,81893,69724.0,2906237.0
California,2018,38325255,501023,288611,789634,691145.0,38423744.0
Colorado,2018,5355564,239153,38312,277465,203460.0,5429569.0
Connecticut,2018,3422560,84718,30925,115643,114235.0,3423968.0
Delaware,2018,921507,34451,2812,37263,33395.0,925375.0
District of Columbia ,2018,636804,47555,9439,56994,60363.0,633435.0
Florida,2018,20284088,587261,221528,808789,470977.0,20621900.0
Georgia,2018,10084326,274273,51863,326136,231337.0,10179125.0
Hawaii,2018,1336187,54074,13392,67466,67293.0,1336360.0
Idaho,2018,1648267,79765,6724,86489,55183.0,1679573.0
Illinois,2018,12325079,206620,67545,274165,305033.0,12294211.0
Indiana,2018,6435545,145256,32147,177403,136563.0,6476385.0
Iowa,2018,3034134,74199,10973,85172,70659.0,3048647.0
Kansas,2018,2763866,95748,14594,110342,96850.0,2777358.0
Kentucky,2018,4291723,110456,12535,122991,100514.0,4314200.0
Louisiana,2018,4508688,81355,13038,94393,95326.0,4507755.0
Maine,2018,1286065,34706,3324,38030,25012.0,1299083.0
Maryland,2018,5764871,163216,46434,209650,182323.0,5792198.0
Massachusetts,2018,6624005,144042,66317,210359,179017.0,6655347.0
Michigan,2018,9706941,139276,44866,184142,152605.0,9738478.0
Minnesota,2018,5417360,100270,25860,126130,112228.0,5431262.0
Mississippi,2018,2880135,68000,7582,75582,76567.0,2879150.0
Missouri,2018,5882179,152326,18604,170930,174949.0,5878160.0
Montana,2018,1005247,43375,3135,46510,35292.0,1016465.0
Nebraska,2018,1841909,54579,9355,63934,54462.0,1851381.0
Nevada,2018,2862027,127362,14372,141734,89791.0,2913970.0
New Hampshire,2018,1290348,48367,6035,54402,43633.0,1301117.0
New Jersey,2018,8593529,159846,62429,222275,231321.0,8584483.0
New Mexico,2018,2001933,60068,10545,70613,74459.0,1998087.0
New York,2018,18941573,254447,133684,388131,458014.0,18871690.0
North Carolina,2018,9902285,318681,53574,372255,238947.0,10035593.0
North Dakota,2018,712411,33735,3679,37414,33006.0,716819.0
Ohio,2018,11319674,198026,37463,235489,206948.0,11348215.0
Oklahoma,2018,3774836,106943,14204,121147,97474.0,3798509.0
Oregon,2018,3992750,140627,19379,160006,132698.0,4020058.0
Pennsylvania,2018,12358914,253520,62265,315785,240832.0,12433867.0
Rhode Island,2018,1006639,32841,8495,41336,31423.0,1016552.0
South Carolina,2018,4820196,186505,22333,208838,141258.0,4887776.0
South Dakota,2018,841147,26775,3349,30124,28747.0,842524.0
Tennessee,2018,6455003,209377,28556,237933,173250.0,6519686.0
Texas,2018,27567978,563945,201559,765504,462140.0,27871342.0
Utah,2018,2991797,100824,22096,122920,91741.0,3022976.0
Vermont,2018,592995,26306,2380,28686,20832.0,600849.0
Virginia,2018,8090242,274003,60095,334098,262345.0,8161995.0
Washington,2018,7130187,260906,62346,323252,222472.0,7230967.0
West Virginia,2018,1742252,43841,1537,45378,46546.0,1741084.0
Wisconsin,2018,5619419,114613,17493,132106,105789.0,5645736.0
Wyoming,2018,542518,25734,2615,28349,26078.0,544789.0
Puerto Rico,2018,3149870,20900,3186,24086,,
Alabama,2019,4732540,104780,12189,116969,98704.0,4750805.0
Alaska,2019,683737,34031,4295,38326,50134.0,671929.0
Arizona,2019,6900711,253295,46614,299909,173631.0,7026989.0
Arkansas,2019,2921206,59723,8125,67848,64524.0,2924530.0
California,2019,38337359,480204,266485,746689,653551.0,38430497.0
Colorado,2019,5432135,240600,28923,269523,198416.0,5503242.0
Connecticut,2019,3412824,90044,29118,119162,105243.0,3426743.0
Delaware,2019,922569,38014,4234,42248,28367.0,936450.0
District of Columbia ,2019,628691,58879,9986,68865,52084.0,645472.0
Florida,2019,20464393,601611,203405,805016,457301.0,20812108.0
Georgia,2019,10164773,284541,50494,335035,253565.0,10246243.0
Hawaii,2019,1332540,49708,14571,64279,68417.0,1328402.0
Idaho,2019,1679116,78730,6481,85211,54826.0,1709501.0
Illinois,2019,12288150,190627,57762,248389,308179.0,12228360.0
Indiana,2019,6478795,151443,26733,178176,142441.0,6514530.0
Iowa,2019,3034610,72651,14124,86775,74697.0,3046688.0
Kansas,2019,2771900,94648,12970,107618,88983.0,2790535.0
Kentucky,2019,4309565,100057,11890,111947,101061.0,4320451.0
Louisiana,2019,4510233,67640,17238,84878,95887.0,4499224.0
Maine,2019,1290663,36129,4864,40993,38267.0,1293389.0
Maryland,2019,5793751,141766,44085,185851,183299.0,5796303.0
Massachusetts,2019,6620142,144079,63889,207968,178104.0,6650006.0
Michigan,2019,9710406,132008,38344,170352,152365.0,9728393.0
Minnesota,2019,5442930,106920,25385,132305,114258.0,5460977.0
Mississippi,2019,2875170,61683,6884,68567,60094.0,2883643.0
Missouri,2019,5894768,152345,22584,174929,135762.0,5933935.0
Montana,2019,1011935,40862,4197,45059,39242.0,1017752.0
Nebraska,2019,1856559,46064,8088,54152,52425.0,1858286.0
Nevada,2019,2895267,132950,20385,153335,105357.0,2943245.0
New Hampshire,2019,1293186,50288,6681,56969,42162.0,1307993.0
New Jersey,2019,8578245,149260,64167,213427,229484.0,8562188.0
New Mexico,2019,2006123,55545,11960,67505,71212.0,2002416.0
New York,2019,18851752,254806,134362,389168,439708.0,18801212.0
North Carolina,2019,10004581,315215,52110,367325,255346.0,10116560.0
North Dakota,2019,709863,36668,3970,40638,29871.0,720630.0
Ohio,2019,11306918,205542,43577,249119,192506.0,11363531.0
Oklahoma,2019,3791883,101844,13531,115375,85599.0,3821659.0
Oregon,2019,4028858,129921,19799,149720,115723.0,4062855.0
Pennsylvania,2019,12351358,267465,51422,318887,256901.0,12413344.0
Rhode Island,2019,1011092,34984,4526,39510,31137.0,1019465.0
South Carolina,2019,4893662,176008,23057,199065,129227.0,4963500.0
South Dakota,2019,841142,26934,4632,31566,27542.0,845166.0
Tennessee,2019,6537328,196765,20368,217133,156558.0,6597903.0
Texas,2019,27865912,559661,217085,776746,453015.0,28189643.0
Utah,2019,3050711,95608,15783,111391,88426.0,3073676.0
Vermont,2019,594528,21212,1820,23032,22714.0,594846.0
Virginia,2019,8105540,264855,69587,334442,276849.0,8163133.0
Washington,2019,7231397,231956,64013,295969,199758.0,7327608.0
West Virginia,2019,1728350,39548,5382,44930,40460.0,1732820.0
Wisconsin,2019,5635872,107973,16636,124609,101668.0,5658813.0
Wyoming,2019,541255,30247,1382,31629,23287.0,549597.0
Puerto Rico,2019,3138609,31144,6082,37226,,
